"FilingID","ReferenceID","Name of Administrator","City","State","Country","Related Person","Statements","Who Sends Statements"
"948977","64763","BNP PARIBAS SECURITIES SERVICES- SUB-ADMINISTRATOR","HONG KONG","","Hong kong","N","Yes (provided to all investors)",""
"948977","64763","BNP PARIBAS FUND ADMINISTRATION SERVICES (CAYMAN) LIMITED","GRAND CAYMAN","","Cayman Islands","N","Yes (provided to all investors)",""
"946229","167027","AUGENTIUS (GUERNSEY) LIMITED","ST PETER PORT","","Guernsey","N","Yes (provided to all investors)",""
"949542","43957","INVESTMENT PARTNERSHIP SERVICES","BOSTON","Massachusetts","United States","N","Yes (provided to all investors)",""
"949493","167269","CARTA FUND SERVICES, LLC","DARIEN","Connecticut","United States","N","Yes (provided to all investors)",""
"945321","166942","STATE STREET ALTERNATIVE INVESTMENT SOLUTIONS - INTERNATIONAL FUND SERVICES","BOSTON","Massachusetts","United States","N","Yes (provided to all investors)",""
"945830","65182","MORGAN STANLEY FUND SERVICES USA, LLC","PURCHASE","New York","United States","N","Yes (provided to all investors)",""
"945830","65182","MORGAN STANLEY FUND SERVICES (BERMUDA) LTD.","DUBLIN","","Ireland","N","Yes (provided to all investors)",""
"949661","166942","STATE STREET ALTERNATIVE INVESTMENT SOLUTIONS - INTERNATIONAL FUND SERVICES","BOSTON","Massachusetts","United States","N","Yes (provided to all investors)",""
"949349","45359","OAKPOINT FUND SERVICES, LLC","AVON LAKE","Ohio","United States","N","Yes (provided to all investors)",""
"949787","43431","APEX FUND SERVICES","CHARLOTTE","North Carolina","United States","N","Yes (provided to all investors)",""
"949561","167279","STANDISH MANAGEMENT","SAN FRANCISCO","California","United States","N","Yes (provided to all investors)",""
"949561","167272","STANDISH MANAGEMENT","SAN FRANCISCO","California","United States","N","Yes (provided to all investors)",""
"949749","167285","SS&C TECHNOLOGIES, INC.","WINDSOR","Connecticut","United States","N","Yes (provided to all investors)",""
"946440","65170","U.S. BANCORP FUND SERVICES, LLC","MILWAUKEE","Wisconsin","United States","N","Yes (provided to all investors)",""
"946440","65173","U.S. BANCORP FUND SERVICES, LLC","MILWAUKEE","Wisconsin","United States","N","Yes (provided to all investors)",""
"946440","65144","U.S. BANCORP FUND SERVICES, LLC","MILWAUKEE","Wisconsin","United States","N","Yes (provided to all investors)",""
"946440","65172","U.S. BANCORP FUND SERVICES, LLC","MILWAUKEE","Wisconsin","United States","N","Yes (provided to all investors)",""
"946440","65145","U.S. BANCORP FUND SERVICES, LLC","MILWAUKEE","Wisconsin","United States","N","Yes (provided to all investors)",""
"946440","65109","U.S. BANCORP FUND SERVICES, LLC","MILWAUKEE","Wisconsin","United States","N","Yes (provided to all investors)",""
"946440","167149","U.S. BANCORP FUND SERVICES, LLC","MILWAUKEE","Wisconsin","United States","N","Yes (provided to all investors)",""
"946440","167148","U.S. BANCORP FUND SERVICES, LLC","MILWAUKEE","Wisconsin","United States","N","Yes (provided to all investors)",""
"944288","162277","FUNDPARTNER SOLUTIONS (EUROPE) S.A.","LUXEMBOURG","","Luxembourg","N","Yes (provided to all investors)",""
"944288","162278","FUNDPARTNER SOLUTIONS (EUROPE) S.A.","LUXEMBOURG","","Luxembourg","N","Yes (provided to all investors)",""
"944288","166872","FUNDPARTNER SOLUTIONS (EUROPE) S.A.","LUXEMBOURG","","Luxembourg","N","Yes (provided to all investors)",""
"945841","167006","CITCO FUND ADMINISTRATION (CAYMAN ISLANDS)","GRAND CAYMAN","","Cayman Islands","N","Yes (provided to all investors)",""
"943962","167140","TRIDENT TRUST COMPANY (MAURITIUS) LIMITED","PORT LOUIS","","Mauritius","N","Yes (provided to all investors)",""
"943962","167139","TRIDENT TRUST COMPANY (MAURITIUS) LIMITED","PORT LOUIS","","Mauritius","N","Yes (provided to all investors)",""
"943962","167138","TRIDENT TRUST COMPANY (MAURITIUS) LIMITED","PORT LOUIS","","Mauritius","N","Yes (provided to all investors)",""
"943962","167137","TRIDENT TRUST COMPANY (MAURITIUS) LIMITED","PORT LOUIS","","Mauritius","N","Yes (provided to all investors)",""
"943962","167136","TRIDENT TRUST COMPANY (MAURITIUS) LIMITED","PORT LOUIS","","Mauritius","N","Yes (provided to all investors)",""
"943962","167135","TRIDENT TRUST COMPANY (MAURITIUS) LIMITED","PORT LOUIS","","Mauritius","N","Yes (provided to all investors)",""
"943962","167134","TRIDENT TRUST COMPANY (MAURITIUS) LIMITED","PORT LOUIS","","Mauritius","N","Yes (provided to all investors)",""
"943962","167133","TRIDENT TRUST COMPANY (MAURITIUS) LIMITED","PORT LOUIS","","Mauritius","N","Yes (provided to all investors)",""
"943962","167132","TRIDENT TRUST COMPANY (MAURITIUS) LIMITED","PORT LOUIS","","Mauritius","N","Yes (provided to all investors)",""
"943962","167131","TRIDENT TRUST COMPANY (MAURITIUS) LIMITED","PORT LOUIS","","Mauritius","N","Yes (provided to all investors)",""
"943962","167130","TRIDENT TRUST COMPANY (MAURITIUS) LIMITED","PORT LOUIS","","Mauritius","N","Yes (provided to all investors)",""
"943962","167129","TRIDENT TRUST COMPANY (MAURITIUS) LIMITED","PORT LOUIS","","Mauritius","N","Yes (provided to all investors)",""
"943962","167128","TRIDENT TRUST COMPANY (MAURITIUS) LIMITED","PORT LOUIS","","Mauritius","N","Yes (provided to all investors)",""
"943962","167127","TRIDENT TRUST COMPANY (MAURITIUS) LIMITED","PORT LOUIS","","Mauritius","N","Yes (provided to all investors)",""
"943962","167125","TRIDENT TRUST COMPANY (MAURITIUS) LIMITED","PORT LOUIS","","Mauritius","N","Yes (provided to all investors)",""
"946490","41724","BNY MELLON INVESTMENT SERVICING (INTERNATIONAL) LIMITED","DUBLIN","","Ireland","N","Yes (provided to all investors)",""
"946490","41711","BNY MELLON INVESTMENT SERVICING (INTERNATIONAL) LIMITED","DUBLIN","","Ireland","N","Yes (provided to all investors)",""
"946490","41676","BNY MELLON INVESTMENT SERVICING (INTERNATIONAL) LIMITED","DUBLIN","","Ireland","N","Yes (provided to all investors)",""
"946490","68657","STATE STREET FUND SERVICES (IRELAND) LIMITED","DUBLIN","","Ireland","N","Yes (provided to all investors)","N/A"
"946490","68552","STATE STREET FUND SERVICES (IRELAND) LIMITED","DUBLIN","","Ireland","N","Yes (provided to all investors)","N/A"
"946490","41687","BNY MELLON INVESTMENT SERVICING (INTERNATIONAL) LIMITED","DUBLIN","","Ireland","N","Yes (provided to all investors)",""
"946490","41647","BNY MELLON INVESTMENT SERVICING (INTERNATIONAL) LIMITED","DUBLIN","","Ireland","N","Yes (provided to all investors)",""
"946490","41661","BNY MELLON INVESTMENT SERVICING (INTERNATIONAL) LIMITED","DUBLIN","","Ireland","N","Yes (provided to all investors)",""
"946490","42259","JP MORGAN ADMINISTRATION SERVICES (IRELAND) LIMITED","DUBLIN","","Ireland","N","Yes (provided to all investors)",""
"946490","42319","JP MORGAN ADMINISTRATION SERVICES (IRELAND) LIMITED","DUBLIN","","Ireland","N","Yes (provided to all investors)",""
"946490","42301","JP MORGAN ADMINISTRATION SERVICES (IRELAND) LIMITED","DUBLIN","","Ireland","N","Yes (provided to all investors)",""
"946490","42288","JP MORGAN ADMINISTRATION SERVICES (IRELAND) LIMITED","DUBLIN","","Ireland","N","Yes (provided to all investors)",""
"946490","42223","BNY MELLON INVESTMENT SERVICING (INTERNATIONAL) LIMITED","DUBLIN","","Ireland","N","Yes (provided to all investors)",""
"946490","42213","BNY MELLON INVESTMENT SERVICING (INTERNATIONAL) LIMITED","DUBLIN","","Ireland","N","Yes (provided to all investors)",""
"946490","42243","BNY MELLON INVESTMENT SERVICING (INTERNATIONAL) LIMITED","DUBLIN","","Ireland","N","Yes (provided to all investors)",""
"946490","42347","JP MORGAN ADMINISTRATION SERVICES (IRELAND) LIMITED","DUBLIN","","Ireland","N","Yes (provided to all investors)",""
"946490","42336","JP MORGAN ADMINISTRATION SERVICES (IRELAND) LIMITED","DUBLIN","","Ireland","N","Yes (provided to all investors)",""
"948869","167307","CONIFER FINANCIAL SERVICES LLC","SAN FRANCISCO","California","United States","N","Yes (provided to all investors)",""
"948869","167217","CONIFER FINANCIAL SERVICES LLC","SAN FRANCISCO","California","United States","N","Yes (provided to all investors)",""
"950181","167191","INTERNATIONAL FUND SERVICES","DUBLIN","","Ireland","N","Yes (provided to all investors)",""
"950181","167189","INTERNATIONAL FUND SERVICES","DUBLIN","","Ireland","N","Yes (provided to all investors)",""
"950181","167188","INTERNATIONAL FUND SERVICES","DUBLIN","","Ireland","N","Yes (provided to all investors)",""
"950181","167187","INTERNATIONAL FUND SERVICES","DUBLIN","","Ireland","N","Yes (provided to all investors)",""
"945839","73932","SANNE TRUST COMPANY LIMITED","ST HELIER","","Jersey","N","Yes (provided to all investors)",""
"945839","73928","SANNE TRUST COMPANY LIMITED","ST HELIER","","Jersey","N","Yes (provided to all investors)",""
"945839","60377","SANNE (SINGAPORE) PTE","SINGAPORE","","Singapore","N","Yes (provided to all investors)",""
"945839","60376","SANNE (SINGAPORE) PTE","SINGAPORE","","Singapore","N","Yes (provided to all investors)",""
"945839","60375","SANNE (SINGAPORE) PTE","SINGAPORE","","Singapore","N","Yes (provided to all investors)",""
"945839","23013","SANNE TRUST COMPANY LIMITED","ST HELIER","","Jersey","N","Yes (provided to all investors)",""
"945839","23012","SANNE TRUST COMPANY LIMITED","ST HELIER","","Jersey","N","Yes (provided to all investors)",""
"945839","23009","SANNE TRUST COMPANY LIMITED","ST HELIER","","Jersey","N","Yes (provided to all investors)",""
"945839","22994","MUFG FUND SERVICES (CAYMAN) LIMITED","GRAND CAYMAN","","Cayman Islands","N","Yes (provided to all investors)",""
"945839","22993","MUFG FUND SERVICES (CAYMAN) LIMITED","GRAND CAYMAN","","Cayman Islands","N","Yes (provided to all investors)",""
"945839","22985","MUFG FUND SERVICES (CAYMAN) LIMITED","GRAND CAYMAN","","Cayman Islands","N","Yes (provided to all investors)",""
"945839","22136","MUFG FUND SERVICES (CAYMAN) LIMITED","GRAND CAYMAN","","Cayman Islands","N","Yes (provided to all investors)",""
"945839","50037","MUFG FUND SERVICES (CAYMAN) LIMITED","GRAND CAYMAN","","Cayman Islands","N","Yes (provided to all investors)",""
"945839","50352","SANNE (SINGAPORE) PTE","SINGAPORE","","Singapore","N","Yes (provided to all investors)",""
"945839","167031","SANNE TRUST COMPANY LIMITED","ST HELIER","","Jersey","N","Yes (provided to all investors)",""
"945839","167030","MUFG FUND SERVICES (CAYMAN) LIMITED","GRAND CAYMAN","","Cayman Islands","N","Yes (provided to all investors)",""
"942772","166959","ALTER DOMUS","SINGAPORE","","Singapore","N","No (provided to no investors)","INTERNAL STAFF OF SAMPL WILL SEND PERIODIC INVESTOR STATEMENTS."
"950176","167307","CONIFER FINANCIAL SERVICES LLC","SAN FRANCISCO","California","United States","N","Yes (provided to all investors)",""
"950176","167217","CONIFER FINANCIAL SERVICES LLC","SAN FRANCISCO","California","United States","N","Yes (provided to all investors)",""
"948111","167177","PERENNIAL FUND SERVICES, LLC","WESTLAKE VILLAGE","California","United States","N","Yes (provided to all investors)",""
"950428","32359","CITCO FUND SERVICES (SINGAPORE) PTE. LTD. - SUB-ADMINISTRATOR","SINGAPORE","","Singapore","N","Yes (provided to all investors)",""
"950428","32359","CITCO FUND SERVICES (CAYMAN ISLANDS) LIMITED","GRAND CAYMAN","","Cayman Islands","N","Yes (provided to all investors)",""
"950495","167208","STRATA FUND SOLUTIONS, LLC","SALT LAKE CITY","Utah","United States","N","Yes (provided to all investors)",""
"950495","167207","STRATA FUND SOLUTIONS, LLC","SALT LAKE CITY","Utah","United States","N","Yes (provided to all investors)",""
"950512","167176","STANDISH MANAGEMENT, LLC","DALLAS","Texas","United States","N","Yes (provided to all investors)",""
"949947","65805","CITCO FUND SERVICES (IRELAND) LIMITED","DUBLIN","","Ireland","N","Yes (provided to all investors)",""
"949947","65827","CITCO FUND SERVICES (IRELAND) LIMITED","DUBLIN 1","","Ireland","N","Yes (provided to all investors)",""
"949947","65815","CITCO FUND SERVICES (IRELAND) LIMITED","DUBLIN 1","","Ireland","N","Yes (provided to all investors)",""
"950628","43359","UBS FUND SERVICES (CAYMAN) LTD","GRAND CAYMAN","","Cayman Islands","N","Yes (provided to all investors)",""
"950628","43357","BANK OF NEW YORK MELLON","WILMINGTON","Delaware","United States","N","Yes (provided to all investors)",""
"950628","43357","STEPSTONE GROUP LLC","NEW YORK","New York","United States","N","No (provided to no investors)","BANK OF NY MELLON"
"950676","167338","ADURO ADVISORS LLC","SUNOL","California","United States","N","Yes (provided to all investors)",""
"950676","67684","ADURO ADVISORS LLC","SUNOL","California","United States","N","Yes (provided to all investors)",""
"939628","166352","JP MORGAN PRIVATE INVESTMENTS INC","NEW YORK","New York","United States","N","Yes (provided to all investors)",""
"939628","166393","JP MORGAN PRIVATE INVESTMENTS INC","NEW YORK","New York","United States","N","Yes (provided to all investors)",""
"939628","166392","JP MORGAN PRIVATE INVESTMENTS INC","NEW YORK","New York","United States","N","Yes (provided to all investors)",""
"939628","166380","JP MORGAN PRIVATE INVESTMENTS INC","NEW YORK","New York","United States","N","Yes (provided to all investors)",""
"939628","166379","JP MORGAN PRIVATE INVESTMENTS INC","NEW YORK","New York","United States","N","Yes (provided to all investors)",""
"949280","30690","BNY MELLON SERVIÇOS FINANCEIROS DISTRIBUIDORA DE TÍTULOS E VALORES MOBILIÁRIOS S.A.","RIO DE JANEIRO","","Brazil","N","No (provided to no investors)","ROYAL BANK OF CANADA"
"949280","30690","ROYAL BANK OF CANADA","GEORGETOWN","","Cayman Islands","N","Yes (provided to all investors)",""
"949280","30661","BNY MELLON SERVIÇOS FINANCEIROS DISTRIBUIDORA DE TÍTULOS E VALORES MOBILIÁRIOS S.A.","RIO DE JANEIRO","","Brazil","N","No (provided to no investors)","ROYAL BANK OF CANADA"
"949280","30661","ROYAL BANK OF CANADA","GEORGETOWN","","Cayman Islands","N","Yes (provided to all investors)",""
"949280","57128","BNY MELLON SERVIÇOS FINANCEIROS DISTRIBUIDORA DE TÍTULOS E VALORES MOBILIÁRIOS S.A.","RIO DE JANEIRO","","Brazil","N","No (provided to no investors)","ROYAL BANK OF CANADA"
"949280","57128","ROYAL BANK OF CANADA","GEORGETOWN","","Cayman Islands","N","Yes (provided to all investors)",""
"949280","57127","BNY MELLON SERVIÇOS FINANCEIROS DISTRIBUIDORA DE TÍTULOS E VALORES MOBILIÁRIOS S.A.","RIO DE JANEIRO","","Brazil","N","No (provided to no investors)","ROYAL BANK OF CANADA"
"949280","57127","ROYAL BANK OF CANADA","GEORGETOWN","","Cayman Islands","N","Yes (provided to all investors)",""
"949280","57126","BNY MELLON SERVIÇOS FINANCEIROS DISTRIBUIDORA DE TÍTULOS E VALORES MOBILIÁRIOS S.A.","RIO DE JANEIRO","","Brazil","N","No (provided to no investors)","ROYAL BANK OF CANADA"
"949280","57126","ROYAL BANK OF CANADA","GEORGETOWN","","Cayman Islands","N","Yes (provided to all investors)",""
"949280","57125","BNY MELLON SERVIÇOS FINANCEIROS DISTRIBUIDORA DE TÍTULOS E VALORES MOBILIÁRIOS S.A.","RIO DE JANEIRO","","Brazil","N","No (provided to no investors)","ROYAL BANK OF CANADA"
"949280","57125","ROYAL BANK OF CANADA","GEORGETOWN","","Cayman Islands","N","Yes (provided to all investors)",""
"949280","57124","BNY MELLON SERVIÇOS FINANCEIROS DISTRIBUIDORA DE TÍTULOS E VALORES MOBILIÁRIOS S.A.","RIO DE JANEIRO","","Brazil","N","No (provided to no investors)","ROYAL BANK OF CANADA"
"949280","57124","ROYAL BANK OF CANADA","GEORGETOWN","","Cayman Islands","N","Yes (provided to all investors)",""
"949280","57123","BNY MELLON SERVIÇOS FINANCEIROS DISTRIBUIDORA DE TÍTULOS E VALORES MOBILIÁRIOS S.A.","RIO DE JANEIRO","","Brazil","N","No (provided to no investors)","ROYAL BANK OF CANADA"
"949280","57123","ROYAL BANK OF CANADA","GEORGETOWN","","Cayman Islands","N","Yes (provided to all investors)",""
"949280","57122","BNY MELLON SERVIÇOS FINANCEIROS DISTRIBUIDORA DE TÍTULOS E VALORES MOBILIÁRIOS S.A.","RIO DE JANEIRO","","Brazil","N","No (provided to no investors)","ROYAL BANK OF CANADA"
"949280","57122","ROYAL BANK OF CANADA","GEORGETOWN","","Cayman Islands","N","Yes (provided to all investors)",""
"949280","56616","BNY MELLON SERVIÇOS FINANCEIROS DISTRIBUIDORA DE TÍTULOS E VALORES MOBILIÁRIOS S.A.","RIO DE JANEIRO","","Brazil","N","No (provided to no investors)","ROYAL BANK OF CANADA"
"949280","56616","ROYAL BANK OF CANADA","GEORGETOWN","","Cayman Islands","N","Yes (provided to all investors)",""
"949280","56615","BNY MELLON SERVIÇOS FINANCEIROS DISTRIBUIDORA DE TÍTULOS E VALORES MOBILIÁRIOS S.A.","RIO DE JANEIRO","","Brazil","N","No (provided to no investors)","ROYAL BANK OF CANADA"
"949280","56615","ROYAL BANK OF CANADA","GEORGETOWN","","Cayman Islands","N","Yes (provided to all investors)",""
"949280","56613","BNY MELLON SERVIÇOS FINANCEIROS DISTRIBUIDORA DE TÍTULOS E VALORES MOBILIÁRIOS S.A.","RIO DE JANEIRO","","Brazil","N","No (provided to no investors)","ROYAL BANK OF CANADA"
"949280","56613","ROYAL BANK OF CANADA","GEORGETOWN","","Cayman Islands","N","Yes (provided to all investors)",""
"949280","30631","BNY MELLON SERVIÇOS FINANCEIROS DISTRIBUIDORA DE TÍTULOS E VALORES MOBILIÁRIOS S.A.","RIO DE JANEIRO","","Brazil","N","No (provided to no investors)","ROYAL BANK OF CANADA"
"949280","30631","ROYAL BANK OF CANADA","GEORGETOWN","","Cayman Islands","N","Yes (provided to all investors)",""
"949280","30701","BNY MELLON SERVIÇOS FINANCEIROS DISTRIBUIDORA DE TÍTULOS E VALORES MOBILIÁRIOS S.A.","RIO DE JANEIRO","","Brazil","N","No (provided to no investors)","ROYAL BANK OF CANADA"
"949280","30701","ROYAL BANK OF CANADA","GEORGETOWN","","Cayman Islands","N","Yes (provided to all investors)",""
"948216","167171","VMS FUND ADMINISTRATION, LLC","PRINCETON","New Jersey","United States","N","Yes (provided to all investors)",""
"951091","167006","CITCO FUND ADMINISTRATION (CAYMAN ISLANDS)","GRAND CAYMAN","","Cayman Islands","N","Yes (provided to all investors)",""
"951094","18742","NORTHERN TRUST","LIMERICK","","Ireland","N","Yes (provided to all investors)",""
"951094","18777","NORTHERN TRUST","LIMERICK","","Ireland","N","Yes (provided to all investors)",""
"951094","18760","NORTHERN TRUST","LIMERICK","","Ireland","N","Yes (provided to all investors)",""
"951094","17785","NORTHERN TRUST","LIMERICK","","Ireland","N","Yes (provided to all investors)",""
"940965","96237","HEDGESERV LIMITED","DUBLIN","","Ireland","N","Yes (provided to all investors)",""
"940965","96236","HEDGSERV LIMITED","DUBLIN","","Ireland","N","Yes (provided to all investors)",""
"940965","96235","HEDGESERV LIMITED","LONDON","","United Kingdom","N","Yes (provided to all investors)",""
"951271","16002","DEUTSCHE BANK (CAYMAN) LIMITED","GRAND CAYMAN","","Cayman Islands","N","Yes (provided to all investors)",""
"951271","15995","DEUTSCHE BANK (CAYMAN) LIMITED","GRAND CAYMAN","","Cayman Islands","N","Yes (provided to all investors)",""
"951095","64694","KAUFMAN ROSSIN FUND SERVICES, LLC","MIAMI","Florida","United States","N","Yes (provided to all investors)",""
"950855","167363","STANDISH MANAGEMENT","BOSTON","Massachusetts","United States","N","Yes (provided to all investors)",""
"950861","66138","AZTEC FINANCIAL SERVICES (GUERNSEY) LIMITED","ST. PETER PORT","","Guernsey","N","Some (provided to some but not all investors)","THE ADMINISTRATOR SENDS ACCOUNT STATEMENTS TO NOMINEE SHAREHOLDERS WHO IN TURN FORWARD THE STATEMENTS TO THE UNDERLYING INVESTORS."
"950861","66139","AZTEC FINANCIAL SERVICES (GUERNSEY) LIMITED","ST. PETER PORT","","Guernsey","N","Some (provided to some but not all investors)","THE ADMINISTRATOR SENDS ACCOUNT STATEMENTS TO NOMINEE SHAREHOLDERS WHO IN TURN FORWARD THE STATEMENTS TO THE UNDERLYING INVESTORS."
"951140","67541","US BANCORP FUND SERVICES LLC","WEST BAY, GRAND CAYMAN","","Cayman Islands","N","Yes (provided to all investors)",""
"951140","46743","US BANCORP FUND SERVICES LLC","WEST BAY, GRAND CAYMAN","","Cayman Islands","N","Yes (provided to all investors)",""
"951140","65670","US BANCORP FUND SERVICES LLC","WEST BAY, GRAND CAYMAN","","Cayman Islands","N","Yes (provided to all investors)",""
"951484","167066","CIM FUND SERVICES LTD","PORT-LOUIS","","Mauritius","N","Yes (provided to all investors)",""
"951484","166271","CIM FUND SERVICES LTD","PORT LOUIS","","Mauritius","N","Yes (provided to all investors)",""
"951693","167196","HEDGESERV LIMITED","DUBLIN","","Ireland","N","Yes (provided to all investors)",""
"951876","74164","CAPITAL ANALYTICS","DALLAS","Texas","United States","N","No (provided to no investors)","FUND FINANCIAL STATEMENTS AND OTHER REPORTING BY THE INVESTMENT MANAGER IS MADE AVAILABLE TO FUND INVESTORS BY THE FUND ADMINISTRATOR THROUGH A WEB PORTAL USING INVESTRAN."
"951876","74071","CAPITAL ANALYTICS","DALLAS","Texas","United States","N","No (provided to no investors)","FUND FINANCIAL STATEMENTS AND OTHER REPORTING BY THE INVESTMENT MANAGER IS MADE AVAILABLE TO FUND INVESTORS BY THE FUND ADMINISTRATOR THROUGH A WEB PORTAL USING INVESTRAN."
"951876","65984","CAPITAL ANALYTICS","DALLAS","Texas","United States","N","No (provided to no investors)","FUND FINANCIAL STATEMENTS AND OTHER REPORTING BY THE INVESTMENT MANAGER IS MADE AVAILABLE TO FUND INVESTORS BY THE FUND ADMINISTRATOR THROUGH A WEB PORTAL USING INVESTRAN."
"947985","64110","HEDGESERV LIMITED","NEW YORK","New York","United States","N","Yes (provided to all investors)",""
"951949","58422","SS&C TECHNOLOGIES","WINDSOR","Connecticut","United States","N","Yes (provided to all investors)",""
"940577","76380","U.S. BANK FUND SERVICES","HACKENSACK","New Jersey","United States","N","Yes (provided to all investors)",""
"940577","76378","U.S. BANK FUND SERVICES","HACKENSACK","New Jersey","United States","N","Yes (provided to all investors)",""
"940577","74122","U.S. BANK FUND SERVICES","HACKENSACK","New Jersey","United States","N","Yes (provided to all investors)",""
"945381","166953","TRIDENT TRUST COMPANY (MAURITIUS) LIMITED","PORT LOUIS","","Mauritius","N","Yes (provided to all investors)",""
"950022","167298","MORGAN STANLEY FUND SERVICES USA LLC","PURCHASE","New York","United States","N","Yes (provided to all investors)",""
"950022","167298","MORGAN STANLEY FUND SERVICES (BERMUDA) LTD","HAMILTON","","Bermuda","N","Yes (provided to all investors)",""
"952200","56957","SS&C TECHNOLOGIES, INC.","WINDSOR","Connecticut","United States","N","Yes (provided to all investors)",""
"952200","56956","SS&C TECHNOLOGIES, INC.","WINDSOR","Connecticut","United States","N","Yes (provided to all investors)",""
"952200","56954","SS&C TECHNOLOGIES, INC.","WINDSOR","Connecticut","United States","N","Yes (provided to all investors)",""
"949182","167455","SS&C TECHNOLOGIES, INC.","WINDSOR","Connecticut","United States","N","Yes (provided to all investors)",""
"950839","65404","CITCO FUND SERVICES (CAYMAN ISLANDS) LIMITED","GRAND CAYMAN","","Cayman Islands","N","Yes (provided to all investors)",""
"950839","65404","CITCO (CANADA) INC.","TORONTO","","Canada","N","Yes (provided to all investors)",""
"950839","55706","CITCO FUND SERVICES (CAYMAN ISLANDS) LIMITED","GRAND CAYMAN","","Cayman Islands","N","Yes (provided to all investors)",""
"950839","55706","CITCO (CANADA) INC.","TORONTO","","Canada","N","Yes (provided to all investors)",""
"950839","45579","CITCO FUND SERVICES (CAYMAN ISLANDS) LIMITED","GRAND CAYMAN","","Cayman Islands","N","Yes (provided to all investors)",""
"950839","45579","CITCO (CANADA) INC.","TORONTO","","Canada","N","Yes (provided to all investors)",""
"952469","167104","QUINTILLION LIMITED","DUBLIN 2","","Ireland","N","Yes (provided to all investors)",""
"950422","29110","TMF MANAGEMENT (UK) LTD","LUTON","","United Kingdom","N","Yes (provided to all investors)",""
"950422","29087","TMF MANAGEMENT (UK) LTD","LUTON","","United Kingdom","N","Yes (provided to all investors)",""
"952493","39708","INTERNATIONAL FUND SERVICES A STATE STREET COMPANY","DUBLIN 2","","Ireland","N","Yes (provided to all investors)",""
"952493","39674","INTERNATIONAL FUND SERVICES A STATE STREET COMPANY","DUBLIN 2","","Ireland","N","Yes (provided to all investors)",""
"952493","39624","INTERNATIONAL FUND SERVICES A STATE STREET COMPANY","DUBLIN 2","","Ireland","N","Yes (provided to all investors)",""
"952535","58422","SS&C TECHNOLOGIES","WINDSOR","Connecticut","United States","N","Yes (provided to all investors)",""
"952523","12376","WELLS FARGO BANK, NATIONAL ASSOCIATION","COLUMBIA","Maryland","United States","N","Yes (provided to all investors)",""
"943523","167479","STANDISH MANAGEMENT, LLC","SANTA MONICA","California","United States","N","Yes (provided to all investors)",""
"952762","162202","BELASKO ADMINISTRATION LIMITED","ST PETER PORT","","Guernsey","N","Yes (provided to all investors)",""
"952762","162201","BELASKO ADMINISTRATION LIMITED","ST PETER PORT","","Guernsey","N","Yes (provided to all investors)",""
"952306","167519","ELIAN FUND SERVICES (JERSEY) LIMITED","ST HELIER","","Jersey","N","Yes (provided to all investors)",""
"952102","167474","AZTEC FINANCIAL SERVICES (JERSEY) LIMITED","JERSEY","","United Kingdom","N","Yes (provided to all investors)",""
"952102","167473","AZTEC FINANCIAL SERVICES (JERSEY) LIMITED","JERSEY","","United Kingdom","N","Yes (provided to all investors)",""
"952996","23257","TMF GROUP","AMSTERDAM","","Netherlands","N","No (provided to no investors)","NOT APPLICABLE"
"952996","75462","PERMIRA LUXEMBOURG S.A.R.L.","LUXEMBOURG","","Luxembourg","Y","No (provided to no investors)","NOT APPLICABLE"
"952996","73925","NORTHERN TRUST INTERNATIONAL FUND ADMINISTRATION SERVICES (GUERNSEY) LIMITED","ST. PETER PORT","","Guernsey","N","Some (provided to some but not all investors)","NOT APPLICABLE"
"952996","73924","NORTHERN TRUST INTERNATIONAL FUND ADMINISTRATION SERVICES (GUERNSEY) LIMITED","ST. PETER PORT","","Guernsey","N","Some (provided to some but not all investors)","NOT APPLICABLE"
"952996","73923","NORTHERN TRUST INTERNATIONAL FUND ADMINISTRATION SERVICES (GUERNSEY) LIMITED","ST. PETER PORT","","Guernsey","N","Some (provided to some but not all investors)","NOT APPLICABLE"
"952996","73922","NORTHERN TRUST INTERNATIONAL FUND ADMINISTRATION SERVICES (GUERNSEY) LIMITED","ST. PETER PORT","","Guernsey","N","Some (provided to some but not all investors)","NOT APPLICABLE"
"952996","73412","NORTHERN TRUST INTERNATIONAL FUND ADMINISTRATION SERVICES (GUERNSEY) LIMITED","ST. PETER PORT","","Guernsey","N","Some (provided to some but not all investors)","NOT APPLICABLE"
"952996","73411","NORTHERN TRUST INTERNATIONAL FUND ADMINISTRATION SERVICES (GUERNSEY) LIMITED","ST. PETER PORT","","Guernsey","N","Some (provided to some but not all investors)","NOT APPLICABLE"
"952996","73410","NORTHERN TRUST INTERNATIONAL FUND ADMINISTRATION SERVICES (GUERNSEY) LIMITED","ST. PETER PORT","","Guernsey","N","Some (provided to some but not all investors)","NOT APPLICABLE."
"952996","50780","NORTHERN TRUST INTERNATIONAL FUND ADMINISTRATION SERVICES (GUERNSEY) LIMITED","ST. PETER PORT","","Guernsey","N","Some (provided to some but not all investors)","NOT APPLICABLE"
"952996","50777","NORTHERN TRUST INTERNATIONAL FUND ADMINISTRATION SERVICES (GUERNSEY) LIMITED","ST PETER PORT","","Guernsey","N","Yes (provided to all investors)",""
"952996","50784","PERMIRA LUXEMBOURG S.A.R.L.","LUXEMBOURG","","Luxembourg","Y","No (provided to no investors)","PERMIRA DEBT MANAGERS LIMITED PROVIDES INDIVIDUAL INVESTOR ACCOUNT STATEMENTS UPON REQUEST."
"952996","24553","PERMIRA LUXEMBOURG S.A.R.L.","LUXEMBOURG","","Luxembourg","Y","No (provided to no investors)","PERMIRA DEBT MANAGERS LIMITED PROVIDES INDIVIDUAL INVESTOR ACCOUNT STATEMENTS UPON REQUEST."
"952996","24548","PERMIRA LUXEMBOURG S.A.R.L.","LUXEMBOURG","","Luxembourg","Y","No (provided to no investors)","PERMIRA DEBT MANAGERS LIMITED PROVIDES INDIVIDUAL INVESTOR ACCOUNT STATEMENTS UPON REQUEST."
"952996","24551","NORTHERN TRUST INTERNATIONAL FUND ADMINISTRATION SERVICES (GUERNSEY) LIMITED","ST. PETER PORT","","Guernsey","N","No (provided to no investors)","PERMIRA DEBT MANAGERS LIMITED PROVIDES INDIVIDUAL INVESTOR ACCOUNT STATEMENTS UPON REQUEST."
"952996","23257","THE BANK OF NEW YORK MELLON (IRELAND) LIMITED","DUBLIN","","Ireland","N","Yes (provided to all investors)",""
"952996","23588","NORTHERN TRUST INTERNATIONAL FUND ADMINISTRATION SERVICES (GUERNSEY) LIMITED","ST PETER PORT","","Guernsey","N","No (provided to no investors)","PERMIRA DEBT MANAGERS LIMITED PROVIDES AN INDIVIDUAL INVESTOR ACCOUNT STATEMENT TO THE EXTERNAL INVESTOR. FOR OTHER INVESTORS, INDIVIDUAL INVESTOR ACCOUNT STATEMENTS ARE PROVIDED UPON REQUEST."
"953322","167479","STANDISH MANAGEMENT, LLC","SANTA MONICA","California","United States","N","Yes (provided to all investors)",""
"950258","12681","IPES (GUERNSEY) LIMITED","ST PETER PORT","","Guernsey","N","Yes (provided to all investors)",""
"950258","12652","IPES (GUERNSEY) LIMITED","ST PETER PORT","","Guernsey","N","Yes (provided to all investors)",""
"950258","12382","IPES (GUERNSEY) LIMITED","ST PETER PORT","","Guernsey","N","Yes (provided to all investors)",""
"950258","52082","IPES (GUERNSEY) LIMITED","ST PETER PORT","","Guernsey","N","Yes (provided to all investors)",""
"952739","167567","CITCO MAURITIUS LIMITED","EBENE","","Mauritius","N","Yes (provided to all investors)",""
"939894","67656","CENTAUR FUND SERVICES LIMITED","DUBLIN","","Ireland","N","Yes (provided to all investors)",""
"953689","55146","CITCO FUND SERVICES (CAYMAN ISLANDS) LIMITED","GRAND CAYMAN","","Cayman Islands","N","Yes (provided to all investors)",""
"953689","55146","CITCO FUND SERVICES (IRELAND) LIMITED","CORK","","Ireland","N","Yes (provided to all investors)",""
"953198","167561","SS&C FUND SERVICES","WINDSOR","Connecticut","United States","N","Yes (provided to all investors)",""
"954083","67021","STATE STREET INTERNATIONAL IRELAND LIMITED","DUBLIN","","Ireland","N","Yes (provided to all investors)",""
"948213","167170","ALPS FUND SERVICES, INC.","BELLEVUE","Washington","United States","N","Yes (provided to all investors)",""
"954261","58441","SS&C TECHNOLOGIES, INC.","EVANSVILLE","Indiana","United States","N","Yes (provided to all investors)",""
"933715","166919","TRIDENT TRUST COMPANY (MAURITIUS) LIMITED","PORT LOUIS","","Mauritius","N","Yes (provided to all investors)",""
"953775","120684","ALTER DOMUS (JERSEY) LIMITED","JERSEY","","United Kingdom","N","Yes (provided to all investors)",""
"954907","167706","HEDGESERVE (CAYMAN) LIMITED","CAYMAN","","Cayman Islands","N","Yes (provided to all investors)",""
"954124","167678","FLEMING FINANCIAL PC","BEL AIR","Maryland","United States","N","Yes (provided to all investors)",""
"953842","20940","CUSTOM HOUSE GLOBAL FUND SERVICES LTD.","SINGAPORE","","Singapore","N","Yes (provided to all investors)",""
"952521","167485","SS&C GLOBE OP","NEW YORK","New York","United States","N","Yes (provided to all investors)",""
"937068","166836","UBS FUND SERVICES (IRELAND) LIMITED","DUBLIN","","Ireland","N","Yes (provided to all investors)",""
"954777","55167","MORGAN STANLEY FUND SERVICES USA LLC","NEW YORK","New York","United States","N","Yes (provided to all investors)",""
"954777","55167","MORGAN STANLEY FUND SERVICES (BERMUDA) LTD.","HAMILTON","","Bermuda","N","Yes (provided to all investors)",""
"953905","167657","VISTRA FUND SERVICES S.À R.L.","LUXEMBOURG","","Luxembourg","N","Yes (provided to all investors)",""
"954020","167644","EQUINOXE ALTERNATIVE INVESTMENT SERVICES (BERMUDA) LIMITED","HAMILTON","","Bermuda","N","Yes (provided to all investors)",""
"954020","167654","EQUINOXE ALTERNATIVE INVESTMENT SERVICES (BERMUDA) LIMITED","HAMILTON","","Bermuda","N","Yes (provided to all investors)",""
"954020","167645","EQUINOXE ALTERNATIVE INVESTMENT SERVICES (BERMUDA) LIMITED","HAMILTON","","Bermuda","N","Yes (provided to all investors)",""
"954020","167642","EQUINOXE ALTERNATIVE INVESTMENT SERVICES (BERMUDA) LIMITED","HAMILTON","","Bermuda","N","Yes (provided to all investors)",""
"954020","66560","EQUINOXE ALTERNATIVE INVESTMENT SERVICES (BERMUDA) LIMITED","HAMILTON","","Bermuda","N","Yes (provided to all investors)",""
"954020","66556","EQUINOXE ALTERNATIVE INVESTMENT SERVICES (BERMUDA) LIMITED","HAMILTON","","Bermuda","N","Yes (provided to all investors)",""
"954020","56600","EQUINOXE ALTERNATIVE INVESTMENT SERVICES (BERMUDA) LIMITED","HAMILTON","","Bermuda","N","Yes (provided to all investors)",""
"954020","56599","EQUINOXE ALTERNATIVE INVESTMENT SERVICES (BERMUDA) LIMITED","HAMILTON","","Bermuda","N","Yes (provided to all investors)",""
"954020","56597","EQUINOXE ALTERNATIVE INVESTMENT SERVICES (BERMUDA) LIMITED","HAMILTON","","Bermuda","N","Yes (provided to all investors)",""
"954020","56596","EQUINOXE ALTERNATIVE INVESTMENT SERVICES (BERMUDA) LIMITED","HAMILTON","","Bermuda","N","Yes (provided to all investors)",""
"954020","56590","EQUINOXE ALTERNATIVE INVESTMENT SERVICES (BERMUDA) LIMITED","HAMILTON","","Bermuda","N","Yes (provided to all investors)",""
"954020","44150","EQUINOXE ALTERNATIVE INVESTMENT SERVICES (BERMUDA) LIMITED","HAMILTON","","Bermuda","N","Yes (provided to all investors)",""
"954020","44147","EQUINOXE ALTERNATIVE INVESTMENT SERVICES (BERMUDA) LIMITED","HAMILTON","","Bermuda","N","Yes (provided to all investors)",""
"954020","43959","EQUINOXE ALTERNATIVE INVESTMENT SERVICES (BERMUDA) LIMITED","HAMILTON","","Bermuda","N","Yes (provided to all investors)",""
"954020","66579","CITI HEDGE FUND SERVICES NORTH AMERICA, INC.","JERSEY CITY","New Jersey","United States","N","Yes (provided to all investors)",""
"954020","66578","EQUINOXE ALTERNATIVE INVESTMENT SERVICES (BERMUDA) LIMITED","HAMILTON","","Bermuda","N","Yes (provided to all investors)",""
"954020","66563","EQUINOXE ALTERNATIVE INVESTMENT SERVICES (BERMUDA) LIMITED","HAMILTON","","Bermuda","N","Yes (provided to all investors)",""
"954020","66561","EQUINOXE ALTERNATIVE INVESTMENT SERVICES (BERMUDA) LIMITED","HAMILTON","","Bermuda","N","Yes (provided to all investors)",""
"954020","66562","EQUINOXE ALTERNATIVE INVESTMENT SERVICES (BERMUDA) LIMITED","HAMILTON","","Bermuda","N","Yes (provided to all investors)",""
"954020","167622","EQUINOXE ALTERNATIVE INVESTMENT SERVICES (BERMUDA) LIMITED","HAMILTON","","Bermuda","N","Yes (provided to all investors)",""
"954020","167626","EQUINOXE ALTERNATIVE INVESTMENT SERVICES (BERMUDA) LIMITED","HAMILTON","","Bermuda","N","Yes (provided to all investors)",""
"954020","66559","EQUINOXE ALTERNATIVE INVESTMENT SERVICES (BERMUDA) LIMITED","HAMILTON","","Bermuda","N","Yes (provided to all investors)",""
"954020","66558","EQUINOXE ALTERNATIVE INVESTMENT SERVICES (BERMUDA) LIMITED","HAMILTON","","Bermuda","N","Yes (provided to all investors)",""
"955891","43416","CITCO FUND SERVICES [CAYMAN ISLANDS] LIMITED","GRAND CAYMAN","","Cayman Islands","N","Yes (provided to all investors)",""
"955891","43409","CITCO FUND SERVICES [CAYMAN ISLANDS] LIMITED","GRAND CAYMAN","","Cayman Islands","N","Yes (provided to all investors)",""
"955891","40506","CITCO FUND SERVICES [CAYMAN ISLANDS] LIMITED","GRAND CAYMAN","","Cayman Islands","N","Yes (provided to all investors)",""
"942686","167044","INTERNATIONAL FUND SERVICES (IRELAND) LIMITED","DUBLIN","","Ireland","N","Yes (provided to all investors)",""
"951104","67617","PIEDMONT FUND SERVICES, INC.","VIENNA","Virginia","United States","N","No (provided to no investors)","INVESTOR STATEMENTS ARE PREPARED BY THE ADMINISTRATOR AND ARE SENT TO THE INVESTORS BY THE REGISTRANT."
"951104","67616","PIEDMONT FUND SERVICES, INC.","VIENNA","Virginia","United States","N","No (provided to no investors)","INVESTOR STATEMENTS ARE PREPARED BY THE ADMINISTRATOR AND ARE SENT TO THE INVESTORS BY THE REGISTRANT."
"949275","167254","SS&C TECHNOLOGIES, INC.","BOSTON","Massachusetts","United States","N","Yes (provided to all investors)",""
"949275","167253","SS&C TECHNOLOGIES, INC.","BOSTON","Massachusetts","United States","N","Yes (provided to all investors)",""
"949275","27978","SS&C TECHNOLOGIES, INC.","BOSTON","Massachusetts","United States","N","Yes (provided to all investors)",""
"949275","27953","SS&C TECHNOLOGIES, INC.","BOSTON","Massachusetts","United States","N","Yes (provided to all investors)",""
"949275","27969","SS&C TECHNOLOGIES, INC.","BOSTON","Massachusetts","United States","N","Yes (provided to all investors)",""
"949275","167252","SS&C TECHNOLOGIES, INC.","BOSTON","Massachusetts","United States","N","Yes (provided to all investors)",""
"953374","56238","MORGAN STANLEY FUND SERVICES USA LLC","PURCHASE","New York","United States","N","Yes (provided to all investors)",""
"953374","56238","MORGAN STANLEY FUND SERVICES (BERMUDA) LTD.","HAMILTON HM DX","","Bermuda","N","Yes (provided to all investors)",""
"950674","167358","IPS FUND SERVICES LLC","BOSTON","Massachusetts","United States","N","Yes (provided to all investors)",""
"954134","65237","FCI LENDER SERVICES, INC.","ANAHEIM HILLS","California","United States","N","Yes (provided to all investors)",""
"954134","56646","FCI LENDER SERVICES, INC.","ANAHEIM HILLS","California","United States","N","Yes (provided to all investors)",""
"954134","56649","FCI LENDER SERVICES, INC.","ANAHEIM HILLS","California","United States","N","Yes (provided to all investors)",""
"954296","59330","BNY MELLON FUND SERVICES (IRELAND) LIMITED","DUBLIN","","Ireland","N","Yes (provided to all investors)",""
"954296","59333","BNY MELLON FUND SERVICES (IRELAND) LIMITED","DUBLIN","","Ireland","N","Yes (provided to all investors)",""
"954529","54838","HSBC TRUSTEE (CAYMAN) LIMITED","CAYMAN","","Cayman Islands","N","Yes (provided to all investors)",""
"954529","54916","HSBC TRUSTEE (CAYMAN) LIMITED","CAYMAN","","Cayman Islands","N","Yes (provided to all investors)",""
"954529","54916","HSBC INSTITUTIONAL TRUST SERVICES (ASIA) LIMITED","HONG KONG","","Hong kong","N","Yes (provided to all investors)",""
"954529","54838","HSBC INSTITUTIONAL TRUST SERVICES (ASIA) LIMITED","HONG KONG","","Hong kong","N","Yes (provided to all investors)",""
"951709","166412","TRIDENT FUND SERVICES, INC.","ATLANTA","Georgia","United States","N","Yes (provided to all investors)",""
"954526","27611","LANGHAM HALL","LONDON","","United Kingdom","N","Yes (provided to all investors)",""
"954526","27548","LANGHAM HALL","LONDON","","United Kingdom","N","Yes (provided to all investors)",""
"954526","51380","LANGHAM HALL","LONDON","","United Kingdom","N","Yes (provided to all investors)",""
"954526","51373","LANGHAM HALL","LONDON","","United Kingdom","N","Yes (provided to all investors)",""
"947966","167158","RIEDMILLER & ASSOCIATES, LLC","DEL MAR","California","United States","N","Yes (provided to all investors)",""
"953908","167675","SGG SA","LUXEMBOURG","","Luxembourg","N","Some (provided to some but not all investors)","NOBODY. ""SOME"" MEANS ""ONLY WHEN REQUESTED""."
"951512","167426","PORTCULLIS FUND ADMINISTRATION (S) PTE LTD","SINGAPORE","","Singapore","N","Yes (provided to all investors)",""
"951512","54907","PORTCULLIS FUND ADMINISTRATION (S) PTE LTD","SINGAPORE","","Singapore","N","Yes (provided to all investors)",""
"954359","43359","UBS FUND SERVICES (CAYMAN) LTD","GRAND CAYMAN","","Cayman Islands","N","Yes (provided to all investors)",""
"954359","43357","BANK OF NEW YORK MELLON","WILMINGTON","Delaware","United States","N","Yes (provided to all investors)",""
"954359","43357","STEPSTONE GROUP LLC","NEW YORK","New York","United States","N","No (provided to no investors)","BANK OF NY MELLON"
"954527","54838","HSBC TRUSTEE (CAYMAN) LIMITED","CAYMAN","","Cayman Islands","N","Yes (provided to all investors)",""
"954527","54916","HSBC TRUSTEE (CAYMAN) LIMITED","CAYMAN","","Cayman Islands","N","Yes (provided to all investors)",""
"954527","54916","HSBC INSTITUTIONAL TRUST SERVICES (ASIA) LIMITED","HONG KONG","","Hong kong","N","Yes (provided to all investors)",""
"954527","54838","HSBC INSTITUTIONAL TRUST SERVICES (ASIA) LIMITED","HONG KONG","","Hong kong","N","Yes (provided to all investors)",""
"953731","56054","DEUTSCHE BANK AG (GLOBAL TRANSACTION BANKING, ALTERNATIVE FUND SERVICES)","MUNICH","","Germany","Y","Yes (provided to all investors)",""
"953731","56055","DEUTSCHE BANK AG (GLOBAL TRANSACTION BANKING, ALTERNATIVE FUND SERVICES)","MUNICH","","Germany","Y","Yes (provided to all investors)",""
"953731","56053","DEUTSCHE BANK AG (GLOBAL TRANSACTION BANKING, ALTERNATIVE FUND SERVICES)","MUNICH","","Germany","Y","Yes (provided to all investors)",""
"953731","56002","DEUTSCHE BANK AG (GLOBAL TRANSACTION BANKING, ALTERNATIVE FUND SERVICES)","MUNICH","","Germany","Y","Yes (provided to all investors)",""
"953731","36496","DEUTSCHE BANK AG (GLOBAL TRANSACTION BANKING, ALTERNATIVE FUND SERVICES)","MUNICH","","Germany","Y","Some (provided to some but not all investors)","N/A"
"953731","36353","DEUTSCHE BANK AG (GLOBAL TRANSACTION BANKING, ALTERNATIVE FUND SERVICES)","MUNICH","","Germany","Y","Some (provided to some but not all investors)","N/A"
"953731","36177","DEUTSCHE BANK AG (GLOBAL TRANSACTION BANKING, ALTERNATIVE FUND SERVICES)","MUNICH","","Germany","Y","Some (provided to some but not all investors)","N/A"
"953731","35530","DEUTSCHE BANK AG (GLOBAL TRANSACTION BANKING, ALTERNATIVE FUND SERVICES)","MUNICH","","Germany","Y","Some (provided to some but not all investors)","N/A"
"953731","36123","DEUTSCHE BANK AG (GLOBAL TRANSACTION BANKING, ALTERNATIVE FUND SERVICES)","MUNICH","","Germany","Y","Some (provided to some but not all investors)","N/A"
"953731","35519","DEUTSCHE BANK AG (GLOBAL TRANSACTION BANKING, ALTERNATIVE FUND SERVICES)","MUNICH","","Germany","Y","Some (provided to some but not all investors)","N/A"
"953731","34829","DEUTSCHE BANK AG (GLOBAL TRANSACTION BANKING, ALTERNATIVE FUND SERVICES)","MUNICH","","Germany","Y","Some (provided to some but not all investors)","N/A"
"952263","113239","GLOBAL OP FINANCIAL SERVICES","GRAND CAYMAN","","Cayman Islands","N","Yes (provided to all investors)",""
"951770","153736","STANDISH MANAGEMENT, LLC","SAN FRANCISCO","California","United States","N","Yes (provided to all investors)",""
"954773","167697","AUGENTIUS (LUXEMBOURG) S.A.","LUXEMBOURG","","Luxembourg","N","Yes (provided to all investors)",""
"954773","54138","AUGENTIUS (LUXEMBOURG) S.A.","LUXEMBOURG","","Luxembourg","N","Yes (provided to all investors)",""
"954153","167648","CORNERSTONE FUND SERVICES","SALT LAKE CITY","Utah","United States","N","Yes (provided to all investors)",""
"954153","167638","CORNERSTONE FUND SERVICES","SALT LAKE CITY","Utah","United States","N","Yes (provided to all investors)",""
"954887","167482","STANDISH MANAGEMENT, LLC","SANTA MONICA","California","United States","N","Yes (provided to all investors)",""
"954887","167479","STANDISH MANAGEMENT, LLC","SANTA MONICA","California","United States","N","Yes (provided to all investors)",""
"944802","166974","JPMORGAN HEDGE FUND SERVICES","BOSTON","Massachusetts","United States","N","Yes (provided to all investors)",""
"944802","166973","JPMORGAN HEDGE FUND SERVICES","BOSTON","Massachusetts","United States","N","Yes (provided to all investors)",""
"944802","166975","JP MORGAN HEDGE FUND SERVICES","BOSTON","Massachusetts","United States","N","Yes (provided to all investors)",""
"953110","76567","STATE STREET (CAYMAN) TRUST, LIMITED","CAMANA BAY","","Cayman Islands","N","Yes (provided to all investors)",""
"953110","76566","STATE STREET (CAYMAN) TRUST, LIMITED","CAMANA BAY","","Cayman Islands","N","Yes (provided to all investors)",""
"953110","76563","STATE STREET (CAYMAN) TRUST, LIMITED","CAMANA BAY","","Cayman Islands","N","Yes (provided to all investors)",""
"953110","76562","STATE STREET (CAYMAN) TRUST, LIMITED","CAMANA BAY","","Cayman Islands","N","Yes (provided to all investors)",""
"953110","76564","STATE STREET (CAYMAN) TRUST, LIMITED","CAMANA BAY","","Cayman Islands","N","Yes (provided to all investors)",""
"953110","40878","STATE STREET (CAYMAN) TRUST, LIMITED","CAMANA BAY","","Cayman Islands","N","Yes (provided to all investors)",""
"953110","40867","STATE STREET (CAYMAN) TRUST, LIMITED","CAMANA BAY","","Cayman Islands","N","Yes (provided to all investors)",""
"953110","40851","STATE STREET (CAYMAN) TRUST, LIMITED","CAMANA BAY","","Cayman Islands","N","Yes (provided to all investors)",""
"953110","40829","STATE STREET (CAYMAN) TRUST, LIMITED","CAMANA BAY","","Cayman Islands","N","Yes (provided to all investors)",""
"953110","37784","STATE STREET (CAYMAN) TRUST, LIMITED","CAMANA BAY","","Cayman Islands","N","Yes (provided to all investors)",""
"953110","35202","STATE STREET (CAYMAN) TRUST, LIMITED","CAMANA BAY","","Cayman Islands","N","Yes (provided to all investors)",""
"953110","35171","STATE STREET (CAYMAN) TRUST, LIMITED","CAMANA BAY","","Cayman Islands","N","Yes (provided to all investors)",""
"953110","37552","BEM - DISTRIBUIDORA DE TÍTULOS E VALORES MOBILIÁRIOS LTDA","OSASCO - SP","","Brazil","N","Yes (provided to all investors)",""
"953110","34831","STATE STREET (CAYMAN) TRUST, LIMITED","CAMANA BAY","","Cayman Islands","N","Yes (provided to all investors)",""
"953110","40459","STATE STREET (CAYMAN) TRUST, LIMITED","CAMANA BAY","","Cayman Islands","N","Yes (provided to all investors)",""
"953110","50487","STATE STREET (CAYMAN) TRUST, LIMITED","CAMANA BAY","","Cayman Islands","N","Yes (provided to all investors)",""
"953110","40944","STATE STREET (CAYMAN) TRUST, LIMITED","CAMANA BAY","","Cayman Islands","N","Yes (provided to all investors)",""
"953110","40928","STATE STREET (CAYMAN) TRUST, LIMITED","CAMANA BAY","","Cayman Islands","N","Yes (provided to all investors)",""
"953110","61813","STATE STREET (CAYMAN) TRUST, LIMITED","CAMANA BAY","","Cayman Islands","N","Yes (provided to all investors)",""
"953110","40902","STATE STREET (CAYMAN) TRUST, LIMITED","CAMANA BAY","","Cayman Islands","N","Yes (provided to all investors)",""
"953110","41042","BEM - DISTRIBUIDORA DE TÍTULOS E VALORES MOBILIÁRIOS LTDA","OSASCO - SP","","Brazil","N","Yes (provided to all investors)",""
"953110","40888","STATE STREET (CAYMAN) TRUST, LIMITED","CAMANA BAY","","Cayman Islands","N","Yes (provided to all investors)",""
"953110","40954","STATE STREET (CAYMAN) TRUST, LIMITED","CAMANA BAY","","Cayman Islands","N","Yes (provided to all investors)",""
"956275","162212","HEDGESERV LIMITED","DUBLIN","","Ireland","N","Yes (provided to all investors)",""
"956275","162210","HEDGESERV LIMITED","DUBLIN","","Ireland","N","Yes (provided to all investors)",""
"955316","167753","SANNE FUND ADMINISTRATION LIMITED","ST. HELIER","","Jersey","N","Yes (provided to all investors)",""
"956504","65805","CITCO FUND SERVICES (IRELAND) LIMITED","DUBLIN","","Ireland","N","Yes (provided to all investors)",""
"956504","65827","CITCO FUND SERVICES (IRELAND) LIMITED","DUBLIN 1","","Ireland","N","Yes (provided to all investors)",""
"956504","65815","CITCO FUND SERVICES (IRELAND) LIMITED","DUBLIN 1","","Ireland","N","Yes (provided to all investors)",""
"957289","167846","PARTNERSADMIN LLC","MANHATTAN BEACH","California","United States","N","Yes (provided to all investors)",""
"951820","167704","STANDISH MANAGEMENT LLC","SAN FRANCISCO","California","United States","N","Yes (provided to all investors)",""
"951820","167703","STANDISH MANAGEMENT LLC","SAN FRANCISCO","California","United States","N","Yes (provided to all investors)",""
"951820","167702","STANDISH MANAGEMENT LLC","SAN FRANCISCO","California","United States","N","Yes (provided to all investors)",""
"957487","167170","ALPS FUND SERVICES, INC.","BELLEVUE","Washington","United States","N","Yes (provided to all investors)",""
"956503","167870","SEI GLOBAL SERVICES","OAKS","Pennsylvania","United States","N","Yes (provided to all investors)",""
"954723","167684","STANDISH MANAGEMENT","PALO ALTO","California","United States","N","Yes (provided to all investors)",""
"954723","167686","STANDISH MANAGEMENT","PALO ALTO","California","United States","N","Yes (provided to all investors)",""
"956112","43886","SS&C TECHNOLOGIES","NEW YORK","New York","United States","N","Yes (provided to all investors)",""
"952491","167508","STATE STREET FUND SERVICES (HONG KONG) LIMITED","HONG KONG","","Hong kong","N","Yes (provided to all investors)",""
"954608","167679","CONCEPTONE LLC","GARDEN CITY","New York","United States","N","Yes (provided to all investors)",""
"956635","47027","CITCO FUND SERVICES (CAYMAN ISLANDS) LIMITED","GRAND CAYMAN","","Cayman Islands","N","Yes (provided to all investors)",""
"955628","2655","QUINTILLION LTD","DUBLIN","","Ireland","N","Yes (provided to all investors)",""
"956867","120684","ALTER DOMUS (JERSEY) LIMITED","JERSEY","","United Kingdom","N","Yes (provided to all investors)",""
"956270","167793","INTEGRATED INVESTMENT SOLUTIONS LLC","NEW YORK","New York","United States","N","Yes (provided to all investors)",""
"956270","167794","INTEGRATED INVESTMENT SOLUTIONS LLC","NEW YORK","New York","United States","N","Yes (provided to all investors)",""
"936703","165158","SS&C TECHNOLOGIES, INC.","BOSTON","Massachusetts","United States","N","Yes (provided to all investors)",""
"951295","167432","GLOBEOP FINANCIAL SERVICES (CAYMAN) LIMITED","CAYMANA BAY","","Cayman Islands","N","Yes (provided to all investors)",""
"955011","167715","STATE STREET FUND SERVICES (HONG KONG) LIMITED","HONG KONG","","Hong kong","N","Yes (provided to all investors)",""
"950167","167323","MUFG FUND SERVICES (CAYMAN) LIMITED","GEORGE TOWN","","Cayman Islands","N","Yes (provided to all investors)",""
"957381","166872","FUNDPARTNER SOLUTIONS (EUROPE) S.A.","LUXEMBOURG","","Luxembourg","N","Yes (provided to all investors)",""
"957381","162277","FUNDPARTNER SOLUTIONS (EUROPE) S.A.","LUXEMBOURG","","Luxembourg","N","Yes (provided to all investors)",""
"957381","162278","FUNDPARTNER SOLUTIONS (EUROPE) S.A.","LUXEMBOURG","","Luxembourg","N","Yes (provided to all investors)",""
"957434","65145","U.S. BANCORP FUND SERVICES, LLC","MILWAUKEE","Wisconsin","United States","N","Yes (provided to all investors)",""
"957434","65109","U.S. BANCORP FUND SERVICES, LLC","MILWAUKEE","Wisconsin","United States","N","Yes (provided to all investors)",""
"957434","167149","U.S. BANCORP FUND SERVICES, LLC","MILWAUKEE","Wisconsin","United States","N","Yes (provided to all investors)",""
"957434","167148","U.S. BANCORP FUND SERVICES, LLC","MILWAUKEE","Wisconsin","United States","N","Yes (provided to all investors)",""
"957434","65170","U.S. BANCORP FUND SERVICES, LLC","MILWAUKEE","Wisconsin","United States","N","Yes (provided to all investors)",""
"957434","65172","U.S. BANCORP FUND SERVICES, LLC","MILWAUKEE","Wisconsin","United States","N","Yes (provided to all investors)",""
"957434","65173","U.S. BANCORP FUND SERVICES, LLC","MILWAUKEE","Wisconsin","United States","N","Yes (provided to all investors)",""
"957434","65144","U.S. BANCORP FUND SERVICES, LLC","MILWAUKEE","Wisconsin","United States","N","Yes (provided to all investors)",""
"957276","26505","EQUINOXE ALTERNATIVE INVESTMENT SERVICES (BERMUDA) LIMITED","HAMILTON","","Bermuda","N","Yes (provided to all investors)",""
"957276","26469","EQUINOXE ALTERNATIVE INVESTMENT SERVICES (BERMUDA) LIMITED","HAMILTON","","Bermuda","N","Yes (provided to all investors)",""
"953341","38850","CITCO FUND SERVICES (CAYMAN ISLANDS) LIMITED","GRAND CAYMAN","","Cayman Islands","N","Yes (provided to all investors)",""
"953341","61811","CITCO FUND SERVICES (CAYMAN ISLANDS) LIMITED","GRAND CAYMAN","","Cayman Islands","N","Yes (provided to all investors)",""
"959082","57147","UMB FUND SERVICES","OGDEN","Utah","United States","Y","Yes (provided to all investors)",""
"959081","168220","US BANCORP FUND SERVICES, LLC","MILWAUKEE","Wisconsin","United States","N","Yes (provided to all investors)",""
"956769","168077","CITCO FUND SERVICES (IRELAND) LIMITED","DUBLIN","","Ireland","N","Yes (provided to all investors)",""
"956769","168079","CITCO FUND SERVICES (IRELAND) LIMITED","DUBLIN","","Ireland","N","Yes (provided to all investors)",""
"956769","168078","CITCO FUND SERVICES (IRELAND) LIMITED","DUBLIN","","Ireland","N","Yes (provided to all investors)",""
"956769","35456","CITCO FUND SERVICES (IRELAND) LIMITED","LONDON","","United Kingdom","N","Yes (provided to all investors)",""
"956769","35449","CITCO FUND SERVICES (IRELAND) LIMITED","DUBLIN","","Ireland","N","Yes (provided to all investors)",""
"956769","35415","CITCO FUND SERVICES (IRELAND) LIMITED","DUBLIN","","Ireland","N","Yes (provided to all investors)",""
"956769","35399","CITCO FUND SERVICES (IRELAND) LIMITED","DUBLIN","","Ireland","N","Yes (provided to all investors)",""
"956769","35196","CITCO FUND SERVICES (IRELAND) LIMITED","DUBLIN","","Ireland","N","Yes (provided to all investors)",""
"956769","34858","CITCO FUND SERVICES (IRELAND) LIMITED","DUBLIN","","Ireland","N","Yes (provided to all investors)",""
"956769","35353","CITCO FUND SERVICES (IRELAND) LIMITED","DUBLIN","","Ireland","N","Yes (provided to all investors)",""
"956769","54166","CITCO FUND SERVICES (IRELAND) LIMITED","DUBLIN","","Ireland","N","Yes (provided to all investors)",""
"956769","54164","CITCO FUND SERVICES (IRELAND) LIMITED","DUBLIN","","Ireland","N","Yes (provided to all investors)",""
"956769","54184","CITCO FUND SERVICES (IRELAND) LIMITED","DUBLIN","","Ireland","N","Yes (provided to all investors)",""
"956769","54183","CITCO FUND SERVICES (IRELAND) LIMITED","DUBLIN","","Ireland","N","Yes (provided to all investors)",""
"956769","54188","CITCO FUND SERVICES (IRELAND) LIMITED","DUBLIN","","Ireland","N","Yes (provided to all investors)",""
"956769","54186","CITCO FUND SERVICES (IRELAND) LIMITED","DUBLIN","","Ireland","N","Yes (provided to all investors)",""
"956769","54185","CITCO FUND SERVICES (IRELAND) LIMITED","DUBLIN","","Ireland","N","Yes (provided to all investors)",""
"956769","120656","CITCO FUND SERVICES (IRELAND) LIMITED","DUBLIN","","Ireland","N","Yes (provided to all investors)",""
"956769","64347","CITCO FUND SERVICES (IRELAND) LIMITED","DUBLIN","","Ireland","N","Yes (provided to all investors)",""
"956769","64262","CITCO FUND SERVICES (IRELAND) LIMITED","DUBLIN","","Ireland","N","Yes (provided to all investors)",""
"956769","64264","CITCO FUND SERVICES (IRELAND) LIMITED","DUBLIN","","Ireland","N","Yes (provided to all investors)",""
"956769","64263","CITCO FUND SERVICES (IRELAND) LIMITED","DUBLIN","","Ireland","N","Yes (provided to all investors)",""
"956769","35324","CITCO FUND SERVICES (IRELAND) LIMITED","DUBLIN","","Ireland","N","Yes (provided to all investors)",""
"956769","35294","CITCO FUND SERVICES (IRELAND) LIMITED","DUBLIN","","Ireland","N","Yes (provided to all investors)",""
"956769","35279","CITCO FUND SERVICES (IRELAND) LIMITED","DUBLIN","","Ireland","N","Yes (provided to all investors)",""
"956769","35256","CITCO FUND SERVICES (IRELAND) LIMITED","DUBLIN","","Ireland","N","Yes (provided to all investors)",""
"956769","36234","CITCO FUND SERVICES (IRELAND) LIMITED","DUBLIN","","Ireland","N","Yes (provided to all investors)",""
"956769","35495","CITCO FUND SERVICES (IRELAND) LIMITED","DUBLIN","","Ireland","N","Yes (provided to all investors)",""
"956769","35468","CITCO FUND SERVICES (IRELAND) LIMITED","DUBLIN","","Ireland","N","Yes (provided to all investors)",""
"959560","168256","HEDGESERV LIMITED","DUBLIN","","Ireland","N","Yes (provided to all investors)",""
"958415","168202","GLOBEOP FINANCIAL SERVICES (IRELAND) LIMITED","DUBLIN 1","","United Kingdom","N","Yes (provided to all investors)",""
"959415","73736","CITCO FUND SERVICES (IRELAND) LIMITED","DUBLIN","","Ireland","N","Yes (provided to all investors)",""
"959415","27705","CITCO FUND SERVICES (IRELAND) LIMITED","DUBLIN","","Ireland","N","Yes (provided to all investors)",""
"959415","27676","CITCO FUND SERVICES (IRELAND) LIMITED","DUBLIN","","Ireland","N","Yes (provided to all investors)",""
"959415","27556","CITCO FUND SERVICES (IRELAND) LIMITED","DUBLIN","","Ireland","N","Yes (provided to all investors)",""
"959415","27184","CITCO FUND SERVICES (IRELAND) LIMITED","DUBLIN","","Ireland","N","Yes (provided to all investors)",""
"959415","50095","CITCO FUND SERVICES (IRELAND) LIMITED","DUBLIN","","Ireland","N","Yes (provided to all investors)",""
"959415","50094","CITCO FUND SERVICES (IRELAND) LIMITED","DUBLIN","","Ireland","N","Yes (provided to all investors)",""
"959415","168241","CITCO FUND SERVICES (IRELAND) LIMITED","DUBLIN","","Ireland","N","Yes (provided to all investors)",""
"959415","168240","CITCO FUND SERVICES (IRELAND) LIMITED","DUBLIN","","Ireland","N","Yes (provided to all investors)",""
"950182","167308","LEVERPOINT FUND ADMINISTRATION","CLIFTON PARK","New York","United States","N","Yes (provided to all investors)",""
"950182","167362","LEVERPOINT FUND ADMINISTRATION","CLIFTON PARK","New York","United States","N","Yes (provided to all investors)",""
"960226","55167","MORGAN STANLEY FUND SERVICES USA LLC","NEW YORK","New York","United States","N","Yes (provided to all investors)",""
"960226","55167","MORGAN STANLEY FUND SERVICES (BERMUDA) LTD.","HAMILTON","","Bermuda","N","Yes (provided to all investors)",""
"956780","56054","DEUTSCHE BANK AG (GLOBAL TRANSACTION BANKING, ALTERNATIVE FUND SERVICES)","MUNICH","","Germany","Y","Yes (provided to all investors)",""
"956780","56055","DEUTSCHE BANK AG (GLOBAL TRANSACTION BANKING, ALTERNATIVE FUND SERVICES)","MUNICH","","Germany","Y","Yes (provided to all investors)",""
"956780","56053","DEUTSCHE BANK AG (GLOBAL TRANSACTION BANKING, ALTERNATIVE FUND SERVICES)","MUNICH","","Germany","Y","Yes (provided to all investors)",""
"956780","56002","DEUTSCHE BANK AG (GLOBAL TRANSACTION BANKING, ALTERNATIVE FUND SERVICES)","MUNICH","","Germany","Y","Yes (provided to all investors)",""
"956780","36496","DEUTSCHE BANK AG (GLOBAL TRANSACTION BANKING, ALTERNATIVE FUND SERVICES)","MUNICH","","Germany","Y","Some (provided to some but not all investors)","N/A"
"956780","36353","DEUTSCHE BANK AG (GLOBAL TRANSACTION BANKING, ALTERNATIVE FUND SERVICES)","MUNICH","","Germany","Y","Some (provided to some but not all investors)","N/A"
"956780","36177","DEUTSCHE BANK AG (GLOBAL TRANSACTION BANKING, ALTERNATIVE FUND SERVICES)","MUNICH","","Germany","Y","Some (provided to some but not all investors)","N/A"
"956780","35530","DEUTSCHE BANK AG (GLOBAL TRANSACTION BANKING, ALTERNATIVE FUND SERVICES)","MUNICH","","Germany","Y","Some (provided to some but not all investors)","N/A"
"956780","36123","DEUTSCHE BANK AG (GLOBAL TRANSACTION BANKING, ALTERNATIVE FUND SERVICES)","MUNICH","","Germany","Y","Some (provided to some but not all investors)","N/A"
"956780","35519","DEUTSCHE BANK AG (GLOBAL TRANSACTION BANKING, ALTERNATIVE FUND SERVICES)","MUNICH","","Germany","Y","Some (provided to some but not all investors)","N/A"
"956780","34829","DEUTSCHE BANK AG (GLOBAL TRANSACTION BANKING, ALTERNATIVE FUND SERVICES)","MUNICH","","Germany","Y","Some (provided to some but not all investors)","N/A"
"952525","167486","BLUE RIVER PARTNERS, LLC","DALLAS","Texas","United States","N","Yes (provided to all investors)",""
"953768","167594","VMS","PRINCETON","New Jersey","United States","N","No (provided to no investors)","WME VENTURE PARNTERS, LLC"
"953768","167593","VMS","PRINCETON","New Jersey","United States","N","No (provided to no investors)","WME VENTURE PARNTERS, LLC"
"959114","168224","STRAIT CAPITAL COMPANY LTD.","DALLAS","Texas","United States","N","Yes (provided to all investors)",""
"956823","64534","IPES (UK) LIMITED","LONDON","","United Kingdom","N","Yes (provided to all investors)",""
"956823","64533","IPES (UK) LIMITED","LONDON","","United Kingdom","N","Yes (provided to all investors)",""
"956823","64532","IPES (UK) LIMITED","LONDON","","United Kingdom","N","Yes (provided to all investors)",""
"956823","64531","IPES (UK) LIMITED","LONDON","","United Kingdom","N","Yes (provided to all investors)",""
"956823","64529","IPES (UK) LIMITED","LONDON","","United Kingdom","N","Yes (provided to all investors)",""
"956823","33376","IPES (UK) LIMITED","LONDON","","United Kingdom","N","Yes (provided to all investors)",""
"956823","33367","IPES (UK) LIMITED","LONDON","","United Kingdom","N","Yes (provided to all investors)",""
"956823","33363","IPES (UK) LIMITED","LONDON","","United Kingdom","N","Yes (provided to all investors)",""
"956823","33352","IPES (UK) LIMITED","LONDON","","United Kingdom","N","Yes (provided to all investors)",""
"956823","33349","IPES (UK) LIMITED","LONDON","","United Kingdom","N","Yes (provided to all investors)",""
"956823","30333","IPES (UK) LIMITED","LONDON","","United Kingdom","N","Yes (provided to all investors)",""
"956823","159082","IPES (UK) LIMITED","LONDON","","United Kingdom","N","Yes (provided to all investors)",""
"956823","33342","IPES (UK) LIMITED","LONDON","","United Kingdom","N","Yes (provided to all investors)",""
"958046","120386","MAPLES FUND SERVICES","BOSTON","Massachusetts","United States","N","Yes (provided to all investors)",""
"960404","166942","STATE STREET ALTERNATIVE INVESTMENT SOLUTIONS - INTERNATIONAL FUND SERVICES","BOSTON","Massachusetts","United States","N","Yes (provided to all investors)",""
"957155","167937","ADURO ADVISORS, LLC","SUNOL","California","United States","N","Yes (provided to all investors)",""
"958297","56635","STANDISH MANAGEMENT, LLC","BOSTON","Massachusetts","United States","N","Yes (provided to all investors)",""
"958297","56636","STANDISH MANAGEMENT, LLC","BOSTON","Massachusetts","United States","N","Yes (provided to all investors)",""
"958131","2775","STATE STREET ADMINISTRATION SERVICES COMPANY (IRELAND) LIMITED D/B/A INT'L FUND SERVICES (F/D/B/A GOLDMAN SACHS ADMIN. SERVICES)","DUBLIN","","Ireland","N","Yes (provided to all investors)",""
"943885","166896","CITI FUND SERVICES (ASIA) LIMITED","HONG KONG","","Hong kong","N","Yes (provided to all investors)",""
"957524","168028","VMS GROUP","PRINCETON","New Jersey","United States","N","Yes (provided to all investors)",""
"958800","153736","STANDISH MANAGEMENT, LLC","SAN FRANCISCO","California","United States","N","Yes (provided to all investors)",""
"958870","57332","CREDERIAN FUND SERVICES LLC","MEDIA","Pennsylvania","United States","N","Yes (provided to all investors)",""
"948497","167250","GLOBEOP FINANCIAL SERVICES (CAYMAN) LIMITED","GRAND CAYMAN","","Cayman Islands","N","Yes (provided to all investors)",""
"948497","167250","GLOBEOP FINANCIAL SERVICES LLC","HARRISON","New York","United States","N","Yes (provided to all investors)",""
"953102","167548","SS&C GLOBEOP","NEW YORK","New York","United States","N","Yes (provided to all investors)",""
"953102","167549","SS&C GLOBEOP","NEW YORK","New York","United States","N","Yes (provided to all investors)",""
"953102","167611","SS&C GLOBEOP","NEW YORK","New York","United States","N","Yes (provided to all investors)",""
"959232","168226","JPMORGAN HEDGE FUND SERVICES (IRELAND) LIMITED","DUBLIN","","Ireland","N","Yes (provided to all investors)",""
"959232","168225","CITCO FUND SERVICES (LUXEMBOURG) S.A.","LUXEMBOURG","","Luxembourg","N","Yes (provided to all investors)",""
"959673","166919","TRIDENT TRUST COMPANY (MAURITIUS) LIMITED","PORT LOUIS","","Mauritius","N","Yes (provided to all investors)",""
"944693","166914","NORTHERN TRUST","GRAND CAYMAN","","Cayman Islands","N","Yes (provided to all investors)",""
"958174","168344","NORTHERN TRUST LUXEMBOURG MANAGEMENT COMPANY S.A.","SENNINGERBERGBERG","","Luxembourg","N","Yes (provided to all investors)",""
"958174","67297","NORTHERN TRUST LUXEMBOURG MANAGEMENT COMPANY SA","SENNINGERBERG","","Luxembourg","N","Yes (provided to all investors)",""
"958174","57011","BNP PARIBAS FUND ADMINISTRATION SERVICES (CAYMAN) LIMITED","GRAND CAYMAN","","Cayman Islands","N","No (provided to no investors)","THE SUB ADMINISTRATOR IE BNP PARIBAS SECURITIES SECVICES S.C.A ACTING THROUGH ITS HONG KONG BRANCH SENDS DOCUMENTS TO ALL INVESTORS"
"958174","19978","CITCO FUND SERVICES (IRELAND) LIMITED","DUBLIN","","Ireland","N","Yes (provided to all investors)",""
"958174","19964","BNP PARIBAS SECURITIES S.C.A., ACTING THROUGH ITS HONG KONG BRANCH","QUARRY BAY","","Hong kong","N","Yes (provided to all investors)","THE SUB-ADMINISTRATOR [I.E. BNP PARIBAS SECURITIES SERVICES SCA ACTING THROUGH ITS HONG KONG BRANCH] SENDS DOCUMENTS TO ALL INVESTORS."
"958174","57011","BNP PARIBAS SECURITIES SERVICES S.C.A., ACTING THROUGH ITS HONG KONG BRANCH","QUARRY BAY","","Hong kong","N","Yes (provided to all investors)","THE SUB-ADMINISTRATOR [I.E. BNP PARIBAS SECURITIES SERVICES S.C.A., ACTING THROUGH ITS HONG KONG BRANCH] SENDS DOCUMENTS TO ALL INVESTORS."
"958174","19964","BNP PARIBAS FUND ADMINISTRATION SERVICES (CAYMAN) LIMITED","GRAND CAYMAN","","Cayman Islands","N","No (provided to no investors)","THE SUB-ADMINISTRATOR [I.E. BNP PARIBAS SECURITIES SERVICES SCA ACTING THROUGH ITS HONG KONG BRANCH] SENDS DOCUMENTS TO ALL INVESTORS."
"958966","36751","CIM FUND SERVICES LTD","PORT LOUIS","","Mauritius","N","Yes (provided to all investors)",""
"958966","36691","CIM FUND SERVICES LTD","PORT LOUIS","","Mauritius","N","Yes (provided to all investors)",""
"958966","36624","CIM FUND SERVICES LTD","PORT LOUIS","","Mauritius","N","Yes (provided to all investors)",""
"956959","167955","CITCO FUND SERVICES (CURACAO) B.V.","WILLEMSTAD","","Curacao","N","Yes (provided to all investors)",""
"956959","167927","SS&C TECHNOLOGIES INC.","WINDSOR","Connecticut","United States","N","Yes (provided to all investors)",""
"956959","67533","SS&C TECHNOLOGIES INC.","WINDSOR","Connecticut","United States","N","Yes (provided to all investors)",""
"957307","24255","APEX FUND SERVICES (US) INC","RED BANK","New Jersey","United States","N","Yes (provided to all investors)",""
"957307","24083","APEX FUND SERVICES (US) INC","RED BANK","New Jersey","United States","N","Yes (provided to all investors)",""
"957307","113233","APEX FUND SERVICES (US) INC","RED BANK","New Jersey","United States","N","Yes (provided to all investors)",""
"961096","24255","APEX FUND SERVICES (US) INC","RED BANK","New Jersey","United States","N","Yes (provided to all investors)",""
"961096","24083","APEX FUND SERVICES (US) INC","RED BANK","New Jersey","United States","N","Yes (provided to all investors)",""
"961096","113233","APEX FUND SERVICES (US) INC","RED BANK","New Jersey","United States","N","Yes (provided to all investors)",""
"957254","167951","MAPLES FUND SERVICES (CAYMAN) LIMITED","GRAND CAYMAN","","Cayman Islands","N","Yes (provided to all investors)",""
"947027","49101","UMB FUND SERVICES","CHADDS FORD","Pennsylvania","United States","N","Yes (provided to all investors)",""
"960386","68301","AUGENTIUS FUND ADMINISTRATION LLP","LONDON","","United Kingdom","N","Yes (provided to all investors)",""
"960386","68300","AUGENTIUS FUND ADMINISTRATION LLP","LONDON","","United Kingdom","N","Yes (provided to all investors)",""
"960386","68298","AUGENTIUS FUND ADMINISTRATION LLP","LONDON","","United Kingdom","N","Yes (provided to all investors)",""
"960386","67560","AUGENTIUS FUND ADMINISTRATION LLP","LONDON","","United Kingdom","N","Yes (provided to all investors)",""
"960386","68128","AUGENTIUS FUND ADMINISTRATION LLP","LONDON","","United Kingdom","N","Yes (provided to all investors)",""
"947198","168173","SCHWARTZ & COMPANY","NEW YORK","New York","United States","N","Yes (provided to all investors)",""
"947198","168179","SCHWARTZ & COMPANY","NEW YORK","New York","United States","N","Yes (provided to all investors)",""
"947198","168172","SCHWARTZ & COMPANY","NEW YORK","New York","United States","N","Yes (provided to all investors)",""
"947198","168181","LEVERPOINT MANAGEMENT LLC","CLIFTON PARK","New York","United States","N","Yes (provided to all investors)",""
"947198","168178","SCHWARTZ & COMPANY","NEW YORK","New York","United States","N","Yes (provided to all investors)",""
"947198","168177","SCHWARTZ & COMPANY","NEW YORK","New York","United States","N","Yes (provided to all investors)",""
"947198","168175","SCHWARTZ & COMPANY","NEW YORK","New York","United States","N","Yes (provided to all investors)",""
"947198","168174","SCHWARTZ & COMPANY","NEW YORK","New York","United States","N","Yes (provided to all investors)",""
"947198","168176","SCHWARTZ & COMPANY","NEW YORK","New York","United States","N","Yes (provided to all investors)",""
"947198","167304","LEVERPOINT MANAGEMENT LLC","CLIFTON PARK","New York","United States","N","Yes (provided to all investors)",""
"947198","167305","LEVERPOINT MANAGEMENT LLC","CLIFTON PARK","New York","United States","N","Yes (provided to all investors)",""
"960474","58615","VENTURE BACK OFFICE","CARY","North Carolina","United States","N","No (provided to no investors)","NOT APPLICABLE.  ONLY TAX FORMS ARE PROVIDED TO INVESTORS."
"950174","167374","LANGHAM HALL","LONDON","","United Kingdom","N","Yes (provided to all investors)",""
"950174","167373","LANGHAM HALL","LONDON","","United Kingdom","N","Yes (provided to all investors)",""
"960453","166352","JP MORGAN PRIVATE INVESTMENTS INC","NEW YORK","New York","United States","N","Yes (provided to all investors)",""
"960453","166379","JP MORGAN PRIVATE INVESTMENTS INC","NEW YORK","New York","United States","N","Yes (provided to all investors)",""
"960453","166393","JP MORGAN PRIVATE INVESTMENTS INC","NEW YORK","New York","United States","N","Yes (provided to all investors)",""
"960453","166392","JP MORGAN PRIVATE INVESTMENTS INC","NEW YORK","New York","United States","N","Yes (provided to all investors)",""
"960453","166380","JP MORGAN PRIVATE INVESTMENTS INC","NEW YORK","New York","United States","N","Yes (provided to all investors)",""
"959464","168245","ADURO ADVISORS, LLC","SAN FRANCISCO","California","United States","N","Yes (provided to all investors)",""
"950410","167329","CITI FUND SERVICES (ASIA) LIMITED","KOWLOON","","Hong kong","N","Yes (provided to all investors)",""
"961521","167486","BLUE RIVER PARTNERS, LLC","DALLAS","Texas","United States","N","Yes (provided to all investors)",""
"960956","168411","STRATEGIC FUNDS SERVICES, LLC","ISELIN","New Jersey","United States","N","No (provided to no investors)","ARISTAR CAPITAL MANAGEMENT, LLC PROVIDES ACCOUNT STATEMENTS UPON REQUEST"
"960956","168414","STRATEGIC FUNDS SERVICES, LLC","ISELIN","New York","United States","N","No (provided to no investors)","ARISTAR CAPITAL MANAGEMENT, LLC PROVIDES ACCOUNT STATEMENTS UPON REQUEST."
"960956","168413","STRATEGIC FUNDS SERVICES, LLC","ISELIN","New Jersey","United States","N","No (provided to no investors)","ARISTAR CAPITAL MANAGEMENT, LLC PROVIDES ACCOUNT STATEMENTS UPON REQUEST"
"960956","168412","STRATEGIC FUNDS SERVICES, LLC","ISELIN","New Jersey","United States","N","No (provided to no investors)","ARISTAR CAPITAL MANAGEMENT, LLC PROVIDES ACCOUNT STATEMENTS UPON REQUEST"
"960956","168410","STRATEGIC FUNDS SERVICES, LLC","ISELIN","New Jersey","United States","N","No (provided to no investors)","ARISTAR CAPITAL MANAGEMENT, LLC PROVIDES ACCOUNT STATEMENTS UPON REQUEST"
"960956","168415","STRATEGIC FUNDS SERVICES, LLC","ISELIN","New Jersey","United States","N","No (provided to no investors)","ARISTAR CAPITAL MANAGEMENT LLC PROVIDES ACCOUNT STATEMENTS UPON REQUEST"
"957303","168015","IFS","DUBLIN","","Ireland","N","Yes (provided to all investors)",""
"960169","65805","CITCO FUND SERVICES (IRELAND) LIMITED","DUBLIN","","Ireland","N","Yes (provided to all investors)",""
"960169","65827","CITCO FUND SERVICES (IRELAND) LIMITED","DUBLIN 1","","Ireland","N","Yes (provided to all investors)",""
"960169","65815","CITCO FUND SERVICES (IRELAND) LIMITED","DUBLIN 1","","Ireland","N","Yes (provided to all investors)",""
"961560","45901","INTERNATIONAL MANAGEMENT (MAURITIUS) LTD","EBENE","","Mauritius","N","Yes (provided to all investors)","NOTE THAT IN RESPONSE TO 26(E) ABOVE, OUR FIRM PREPARES THE INVESTOR ACCOUNT STATEMENTS FOR ALL OF THE PRIVATE FUND'S INVESTORS AND THE ADMINISTRATOR SENDS THE INVESTOR ACCOUNT STATEMENTS TO ALL OF THE PRIVATE FUND'S INVESTORS."
"961560","45895","INTERNATIONAL MANAGEMENT (MAURITIUS) LTD","EBENE","","Mauritius","N","Yes (provided to all investors)","NOTE THAT IN RESPONSE TO 26(E) ABOVE, OUR FIRM PREPARES THE INVESTOR ACCOUNT STATEMENTS FOR ALL OF THE PRIVATE FUND'S INVESTORS AND THE ADMINISTRATOR SENDS THE INVESTOR ACCOUNT STATEMENTS TO ALL OF THE PRIVATE FUND'S INVESTORS."
"961560","45904","INTERNATIONAL MANAGEMENT (MAURITIUS) LTD","EBENE","","Mauritius","N","Yes (provided to all investors)","NOTE THAT IN RESPONSE TO 26(E) ABOVE, OUR FIRM PREPARES THE INVESTOR ACCOUNT STATEMENTS FOR ALL OF THE PRIVATE FUND'S INVESTORS AND THE ADMINISTRATOR SENDS THE INVESTOR ACCOUNT STATEMENTS TO ALL OF THE PRIVATE FUND'S INVESTORS."
"961560","45896","INTERNATIONAL MANAGEMENT (MAURITIUS) LTD","EBENE","","Mauritius","N","Yes (provided to all investors)","NOTE THAT IN RESPONSE TO 26(E) ABOVE, OUR FIRM PREPARES THE INVESTOR ACCOUNT STATEMENTS FOR ALL OF THE PRIVATE FUND'S INVESTORS AND THE ADMINISTRATOR SENDS THE INVESTOR ACCOUNT STATEMENTS TO ALL OF THE PRIVATE FUND'S INVESTORS."
"961560","45900","INTERNATIONAL MANAGEMENT (MAURITIUS) LTD","EBENE","","Mauritius","N","Yes (provided to all investors)","NOTE THAT IN RESPONSE TO 26(E) ABOVE, OUR FIRM PREPARES THE INVESTOR ACCOUNT STATEMENTS FOR ALL OF THE PRIVATE FUND'S INVESTORS AND THE ADMINISTRATOR SENDS THE INVESTOR ACCOUNT STATEMENTS TO ALL OF THE PRIVATE FUND'S INVESTORS."
"961596","43707","ABRAAJ CAPITAL LIMITED","DUBAI","","United Arab Emirates","Y","Yes (provided to all investors)",""
"961596","43708","ABRAAJ CAPITAL LIMITED","DUBAI","","United Arab Emirates","Y","Yes (provided to all investors)",""
"961997","165158","SS&C TECHNOLOGIES, INC.","BOSTON","Massachusetts","United States","N","Yes (provided to all investors)",""
"961750","168441","LEVERPOINT MANAGEMENT, LLC","NEW YORK","New York","United States","N","Yes (provided to all investors)",""
"961511","22991","MAPLES FUND SERVICES","GEORGE TOWN","","Cayman Islands","N","Yes (provided to all investors)",""
"963188","64065","CITCO FUND SERVICES (IRELAND) LIMITED","DUBLIN","","Ireland","N","Yes (provided to all investors)",""
"963188","64065","CITCO FUND ADMINISTRATION (CAYMAN ISLANDS) LIMITED","GRAND CAYMAN","","Cayman Islands","N","Yes (provided to all investors)",""
"948438","64827","FRANKLIN TEMPLETON SERVICES, LLC","FORT LAUDERDALE","Florida","United States","Y","No (provided to no investors)","THE BANK OF NEW YORK MELLON"
"948438","64827","THE BANK OF NEW YORK MELLON","NEW YORK","New York","United States","N","Yes (provided to all investors)",""
"955014","7080","CITIBANK EUROPE PLC","DUBLIN","","Ireland","N","Yes (provided to all investors)",""
"955014","7080","CITI FUND SERVICES (ASIA), LIMITED","HONG KONG","","Hong kong","N","Yes (provided to all investors)",""
"962646","168529","LAUREL ADVISORS, LLC","OAKLAND","California","United States","N","Yes (provided to all investors)",""
"963826","120734","INTERNATIONAL FUND SERVICES (IRELAND) LIMITED","DUBLIN","","Ireland","N","Yes (provided to all investors)",""
"962416","168510","STATE STREET FUND SERVICES (HONG KONG) LIMITED","HONG KONG","","China","N","Yes (provided to all investors)",""
"962416","168508","STATE STREET FUND SERVICES (HONG KONG) LIMITED","HONG KONG","","China","N","Yes (provided to all investors)",""
"964417","7525","MORGAN STANLEY FUND SERVICES USA LLC","PURCHASE","New York","United States","N","Yes (provided to all investors)",""
"961352","168432","ALPS, A DST COMPANY","DENVER","Colorado","United States","N","Yes (provided to all investors)",""
"962741","168077","CITCO FUND SERVICES (IRELAND) LIMITED","DUBLIN","","Ireland","N","Yes (provided to all investors)",""
"962741","168079","CITCO FUND SERVICES (IRELAND) LIMITED","DUBLIN","","Ireland","N","Yes (provided to all investors)",""
"962741","168078","CITCO FUND SERVICES (IRELAND) LIMITED","DUBLIN","","Ireland","N","Yes (provided to all investors)",""
"962741","35456","CITCO FUND SERVICES (IRELAND) LIMITED","LONDON","","United Kingdom","N","Yes (provided to all investors)",""
"962741","35449","CITCO FUND SERVICES (IRELAND) LIMITED","DUBLIN","","Ireland","N","Yes (provided to all investors)",""
"962741","35415","CITCO FUND SERVICES (IRELAND) LIMITED","DUBLIN","","Ireland","N","Yes (provided to all investors)",""
"962741","35399","CITCO FUND SERVICES (IRELAND) LIMITED","DUBLIN","","Ireland","N","Yes (provided to all investors)",""
"962741","35196","CITCO FUND SERVICES (IRELAND) LIMITED","DUBLIN","","Ireland","N","Yes (provided to all investors)",""
"962741","34858","CITCO FUND SERVICES (IRELAND) LIMITED","DUBLIN","","Ireland","N","Yes (provided to all investors)",""
"962741","35353","CITCO FUND SERVICES (IRELAND) LIMITED","DUBLIN","","Ireland","N","Yes (provided to all investors)",""
"962741","54166","CITCO FUND SERVICES (IRELAND) LIMITED","DUBLIN","","Ireland","N","Yes (provided to all investors)",""
"962741","54164","CITCO FUND SERVICES (IRELAND) LIMITED","DUBLIN","","Ireland","N","Yes (provided to all investors)",""
"962741","54184","CITCO FUND SERVICES (IRELAND) LIMITED","DUBLIN","","Ireland","N","Yes (provided to all investors)",""
"962741","54183","CITCO FUND SERVICES (IRELAND) LIMITED","DUBLIN","","Ireland","N","Yes (provided to all investors)",""
"962741","54188","CITCO FUND SERVICES (IRELAND) LIMITED","DUBLIN","","Ireland","N","Yes (provided to all investors)",""
"962741","54186","CITCO FUND SERVICES (IRELAND) LIMITED","DUBLIN","","Ireland","N","Yes (provided to all investors)",""
"962741","54185","CITCO FUND SERVICES (IRELAND) LIMITED","DUBLIN","","Ireland","N","Yes (provided to all investors)",""
"962741","120656","CITCO FUND SERVICES (IRELAND) LIMITED","DUBLIN","","Ireland","N","Yes (provided to all investors)",""
"962741","64347","CITCO FUND SERVICES (IRELAND) LIMITED","DUBLIN","","Ireland","N","Yes (provided to all investors)",""
"962741","64262","CITCO FUND SERVICES (IRELAND) LIMITED","DUBLIN","","Ireland","N","Yes (provided to all investors)",""
"962741","64264","CITCO FUND SERVICES (IRELAND) LIMITED","DUBLIN","","Ireland","N","Yes (provided to all investors)",""
"962741","64263","CITCO FUND SERVICES (IRELAND) LIMITED","DUBLIN","","Ireland","N","Yes (provided to all investors)",""
"962741","35324","CITCO FUND SERVICES (IRELAND) LIMITED","DUBLIN","","Ireland","N","Yes (provided to all investors)",""
"962741","35294","CITCO FUND SERVICES (IRELAND) LIMITED","DUBLIN","","Ireland","N","Yes (provided to all investors)",""
"962741","35279","CITCO FUND SERVICES (IRELAND) LIMITED","DUBLIN","","Ireland","N","Yes (provided to all investors)",""
"962741","35256","CITCO FUND SERVICES (IRELAND) LIMITED","DUBLIN","","Ireland","N","Yes (provided to all investors)",""
"962741","36234","CITCO FUND SERVICES (IRELAND) LIMITED","DUBLIN","","Ireland","N","Yes (provided to all investors)",""
"962741","35495","CITCO FUND SERVICES (IRELAND) LIMITED","DUBLIN","","Ireland","N","Yes (provided to all investors)",""
"962741","35468","CITCO FUND SERVICES (IRELAND) LIMITED","DUBLIN","","Ireland","N","Yes (provided to all investors)",""
"954305","64989","BNY MELLON FUND SERVICES (IRELAND) LIMITED","DUBLIN","","Ireland","N","Yes (provided to all investors)",""
"954305","64984","BNY MELLON FUND SERVICES (IRELAND) LIMITED","DUBLIN","","Ireland","N","Yes (provided to all investors)",""
"954305","64988","UBS FUND SERVICES (IRELAND) LTD","DUBLIN","","Ireland","N","Yes (provided to all investors)",""
"954305","64987","BNY MELLON FUND SERVICES (IRELAND) LIMITED","DUNBLIN","","Ireland","N","Yes (provided to all investors)",""
"954305","64986","BNY MELLON FUND SERVICES (IRELAND) LIMITED","DUBLIN","","Ireland","N","Yes (provided to all investors)",""
"954305","64387","BNY MELLON FUND SERVICES (IRELAND) LIMITED","DUBLIN","","Ireland","N","Yes (provided to all investors)",""
"954305","167655","BNY MELLON FUND SERVICES (IRELAND) LIMITED","DUBLIN","","Ireland","N","Yes (provided to all investors)",""
"958948","67873","OPUS FUND SERVICES","NAPERVILLE","Illinois","United States","N","Yes (provided to all investors)",""
"958948","168223","OPUS FUND SERVICES","NAPERVILLE","Illinois","United States","N","Yes (provided to all investors)",""
"948017","168037","BROWN BROTHERS HARRIMAN (LUXEMBOURG)","LUXEMBOURG","","Luxembourg","N","Yes (provided to all investors)",""
"948017","168038","BROWN BROTHERS HARRIMAN (LUXEMBOURG)","LUXEMBOURG","","Luxembourg","Y","Yes (provided to all investors)",""
"960154","168298","GEN II FUND SERVICES, LLC","NEW YORK","New York","United States","N","Yes (provided to all investors)",""
"964427","64792","CITCO FUND SERVICES (CAYMAN ISLANDS)","GRAND CAYMAN","","Cayman Islands","N","Yes (provided to all investors)",""
"964427","43506","CITCO FUND SERVICES (CAYMAN ISLANDS)","GRAND CAYMAN","","Cayman Islands","N","Yes (provided to all investors)",""
"964230","65888","ATLAS FUND SERVICES (USA) LLC","CHARLOTTE","North Carolina","United States","N","Yes (provided to all investors)",""
"961869","168593","CITCO FUND SERVICES (LONDON) LIMITED","LONDON","","United Kingdom","N","Yes (provided to all investors)",""
"955633","24829","MAPLES FUND SERVICES (CAYMAN) LIMITED","GRAND CAYMAN","","Cayman Islands","N","Yes (provided to all investors)",""
"960213","168416","ALTER DOMUS","ST. HELIER","","Jersey","N","Yes (provided to all investors)",""
"960213","168292","ALTER DOMUS","ST. HELIER","","Jersey","N","Yes (provided to all investors)",""
"962202","168522","R&H FUND SERVICES LIMITED","ST. HELIER","","Jersey","N","Yes (provided to all investors)",""
"962202","168524","R&H FUND SERVICES LIMITED","ST. HELIER","","Jersey","N","Yes (provided to all investors)",""
"962202","168527","R&H FUND SERVICES LIMITED","ST. HELIER","","Jersey","N","Yes (provided to all investors)",""
"962202","168496","R&H FUND SERVICES (JERSEY) LIMITED","ST. HELIER","","Jersey","N","Yes (provided to all investors)",""
"962202","168528","R&H FUND SERVICES LIMITED","ST. HELIER","","Jersey","N","Yes (provided to all investors)",""
"962202","168526","R&H FUND SERVICES LIMITED","ST. HELIER","","Jersey","N","Yes (provided to all investors)",""
"958890","168207","CITCO FUND ADMINISTRATION (CAYMAN ISLANDS) LIMITED","GRAND CAYMAN","","Cayman Islands","N","Yes (provided to all investors)",""
"958890","168206","CITCO FUND ADMINISTRATION (CAYMAN ISLANDS) LIMITED","GRAND CAYMAN","","Cayman Islands","N","Yes (provided to all investors)",""
"963923","6689","CACEIS LTD","MISSISAUGA","","Canada","N","Yes (provided to all investors)",""
"963977","41582","STATE STREET CAYMAN TRUST COMPANY, LTD.","GRAND CAYMAN","","Cayman Islands","N","Yes (provided to all investors)",""
"956694","68440","SS&C TECHNOLOGIES, INC.","WINDSOR","Connecticut","United States","N","Yes (provided to all investors)",""
"956694","167940","SS&C TECHNOLOGIES, INC.","WINDSOR","Connecticut","United States","N","Yes (provided to all investors)",""
"954602","167677","MICHAEL J. LICCAR & COMPANY, LLC","CHICAGO","Illinois","United States","N","Yes (provided to all investors)",""
"960236","37647","PRIME MANAGEMENT LIMITED","HAMILTON","","Bermuda","N","Yes (provided to all investors)",""
"962926","167432","GLOBEOP FINANCIAL SERVICES (CAYMAN) LIMITED","CAYMANA BAY","","Cayman Islands","N","Yes (provided to all investors)",""
"953683","168284","STONE COAST FUND SERVICES LLC","PORTLAND","Maine","United States","N","Yes (provided to all investors)",""
"953683","55890","STONE COAST FUND SERVICES LLC","PORTLAND","Maine","United States","N","Yes (provided to all investors)",""
"963255","158930","MORGAN STANLEY FUND SERVICES (BERMUDA) LTD","HAMILTON","","Bermuda","N","Yes (provided to all investors)",""
"963279","55221","SS&C TECHNOLOGIES, INC.","WINDSOR","Connecticut","United States","N","Yes (provided to all investors)",""
"961816","168445","ESSENTIAL FUND SERVICES LLC","NEW ROCHELLE","New York","United States","N","Yes (provided to all investors)",""
"963143","58422","SS&C TECHNOLOGIES","WINDSOR","Connecticut","United States","N","Yes (provided to all investors)",""
"958562","167068","INTERNATIONAL FUND SERVICES (IRELAND) LIMITED","DUBLIN","","Ireland","N","Yes (provided to all investors)",""
"958562","167184","FUNDPARTNER SOLUTIONS (EUROPE) S.A.","LUXEMBOURG","","Luxembourg","N","Yes (provided to all investors)",""
"962592","139744","CITCO CORPORATE SERVICES (IRELAND) LIMITED","DUBLIN","","Ireland","N","Yes (provided to all investors)",""
"962592","139742","CITCO CORPORATE SERVICES (IRELAND) LIMITED","DUBLIN","","Ireland","N","Yes (provided to all investors)",""
"963577","49686","BNY MELLON INVESTMENT SERVICING (INTERNATIONAL) LIMITED","DUBLIN","","Ireland","N","Yes (provided to all investors)",""
"963577","49685","HERITAGE INTERNATIONAL FUND MANAGERS LIMITED","ST PETER PORT","","Guernsey","N","Yes (provided to all investors)",""
"963577","29377","BELASKO ADMINISTRATION LIMITED","ST PETER PORT","","Guernsey","N","Yes (provided to all investors)",""
"963577","29385","BELASKO ADMINISTRATION LIMITED","ST PETER PORT","","Guernsey","N","Yes (provided to all investors)",""
"963577","29502","MAPLES FINANCE FUND SERVICES LIMITED","DUBLIN","","Ireland","N","Yes (provided to all investors)",""
"963577","29488","STRUCTURED FINANCE MANAGEMENT OFFSHORE LIMITED","ST HELIER","","Jersey","N","Yes (provided to all investors)",""
"963577","29396","STRUCTURED FINANCE MANAGEMENT OFFSHORE LIMITED","ST HELIER","","Jersey","N","Yes (provided to all investors)",""
"963577","29293","BELASKO ADMINISTRATION LIMITED","ST PETER","","Guernsey","N","Yes (provided to all investors)",""
"963249","162287","KAUFMAN ROSSIN FUND SERVICES, LLC","MIAMI","Florida","United States","N","Yes (provided to all investors)",""
"964363","168601","AKRAM & ASSOCIATES PLLC","CARY","North Carolina","United States","N","Yes (provided to all investors)",""
"964672","54730","AZTEC FINANCIAL SERVICES (GUERNSEY) LIMITED","ST PETER PORT","","Guernsey","N","Yes (provided to all investors)",""
"961534","67853","BELASKO ADMINISTRATION LIMITED","ST PETER PORT","","Guernsey","N","Yes (provided to all investors)",""
"961534","67854","IPES (GUERNSEY) LIMITED","ST PETER PORT","","Guernsey","N","Yes (provided to all investors)",""
"964082","168587","EISNER AMPER FUND SERVICES","NEW YORK","New York","United States","N","Some (provided to some but not all investors)","ELIAN FIDUCIARY SERVICES IN CAYMAN ISLAND SENDS ACCOUNT STATEMENTS TO NON-US INVESTORS"
"958715","25113","RBC INVESTOR SERVICES IRELAND LIMITED","DUBLIN 2","","Ireland","N","Yes (provided to all investors)",""
"958715","47660","RBC INVESTOR SERVICES IRELAND LIMITED","DUBLIN 2","","Ireland","N","Yes (provided to all investors)",""
"958715","47659","RBC INVESTOR SERVICES IRELAND LIMITED","DUBLIN 2","","Ireland","N","Yes (provided to all investors)",""
"958715","47658","RBC INVESTOR SERVICES IRELAND LIMITED","DUBLIN 2","","Ireland","N","Yes (provided to all investors)",""
"958715","47657","RBC INVESTOR SERVICES IRELAND LIMITED","DUBLIN 2","","Ireland","N","Yes (provided to all investors)",""
"958715","47655","RBC INVESTOR SERVICES IRELAND LIMITED","DUBLIN 2","","Ireland","N","Yes (provided to all investors)",""
"958715","47656","RBC INVESTOR SERVICES IRELAND LIMITED","DUBLIN 2","","Ireland","N","Yes (provided to all investors)",""
"958715","25075","RBC INVESTOR SERVICES IRELAND LIMITED","DUBLIN 2","","Ireland","N","Yes (provided to all investors)",""
"962379","168507","TRIDENT FUND SERVICES","NEW YORK","New York","United States","N","Yes (provided to all investors)",""
