"FilingID","ReferenceID","Foreign Regulatory Authority"
"952996","115314","Hong Kong - Securities and Futures Commission"
"952996","115321","United Kingdom - Financial Conduct Authority"
"952996","115342","Guernsey - Guernsey Financial Services Commission"
"952996","129000","Guernsey - Guernsey Financial Services Commission"
"952996","129006","Guernsey - Guernsey Financial Services Commission"
"952996","157013","Guernsey - Guernsey Financial Services Commission"
"952996","158181","Guernsey - Guernsey Financial Services Commission"
"950258","108781","Guernsey - Guernsey Financial Services Commission"
"950258","145716","Guernsey - Guernsey Financial Services Commission"
"950258","108783","Guernsey - Guernsey Financial Services Commission"
"948977","163014","Cayman Islands - Cayman Islands Monetary Authority"
"948977","163011","South Korea - Financial Supervisory Commission / Financial Supervisory Service"
"948977","163017","South Korea - Financial Supervisory Commission / Financial Supervisory Service"
"948977","163010","Hong Kong - Securities and Futures Commission"
"948977","163010","South Korea - Financial Supervisory Commission / Financial Supervisory Service"
"949972","151717","United Kingdom - Financial Conduct Authority"
"949972","151717","Australia - Australian Securities and Investments Commission"
"949972","151714","Canada - Nova Scotia Securities Commission"
"949972","151714","Canada - Ontario Securities Commission"
"949972","151714","Canada - Quebec, Financial Markets Authority"
"949972","151714","Ireland -  Central Bank of Ireland"
"949972","151714","United Kingdom - Financial Conduct Authority"
"949972","151714","Australia - Australian Securities and Investments Commission"
"949972","151720","Singapore - Monetary Authority of Singapore"
"949972","151720","Ireland -  Central Bank of Ireland"
"949972","151722","Singapore - Monetary Authority of Singapore"
"949972","151722","Australia - Australian Securities and Investments Commission"
"949972","152655","Ireland -  Central Bank of Ireland"
"949972","152655","United Kingdom - Financial Conduct Authority"
"949972","151713","Canada - Alberta Securities Commission"
"949972","151713","Australia - Australian Securities and Investments Commission"
"949972","151713","Canada - Nova Scotia Securities Commission"
"949972","151713","Canada - Ontario Securities Commission"
"949972","151713","Canada - Quebec, Financial Markets Authority"
"949972","151713","India - Securities and Exchange Board of India"
"949972","151713","Ireland -  Central Bank of Ireland"
"949972","151713","United Kingdom - Financial Conduct Authority"
"949972","151713","Canada - British Columbia Securities Commission"
"943962","197714","India - Securities and Exchange Board of India"
"946490","129545","India - Securities and Exchange Board of India"
"946490","129545","Other-INDIA-MINISTRY OF CORPORATE AFFAIRS"
"946490","129545","Other-RESERVE BANK OF INDIA"
"946490","142110","Luxembourg, Grand Duchy of - Commission to Surveillance of the Finance Sector"
"946490","129256","India - Securities and Exchange Board of India"
"946490","129294","India - Securities and Exchange Board of India"
"946490","129346","Hong Kong - Securities and Futures Commission"
"946490","129346","Ireland -  Central Bank of Ireland"
"946490","129346","India - Securities and Exchange Board of India"
"946490","167560","Isle of Man - Financial Supervision Commission"
"946490","142108","Ireland -  Central Bank of Ireland"
"946490","129409","South Korea - Financial Supervisory Commission / Financial Supervisory Service"
"946490","129486","Other-UNITED KINGDOM - FINANCIAL CONDUCT AUTHORITY"
"946490","129423","United Kingdom - Financial Conduct Authority"
"946490","129423","South Korea - Financial Supervisory Commission / Financial Supervisory Service"
"946490","129423","India - Securities and Exchange Board of India"
"946490","129502","Canada - Alberta Securities Commission"
"946490","129502","Canada - British Columbia Securities Commission"
"946490","129502","Canada - Manitoba Securities Commission"
"946490","129502","Canada - New Brunswick Securities Commission"
"946490","129502","Canada - Newfoundland and Labrador, Financial Services Regulation Division"
"946490","129502","Canada - Northwest Territories, Office of the Registrar of Securities"
"946490","129502","Canada - Nova Scotia Securities Commission"
"946490","129502","Canada - Nunavut, Registrar of Securities"
"946490","129502","Canada - Ontario Securities Commission"
"946490","129502","Canada - Quebec, Financial Markets Authority"
"946490","129502","Canada - Saskatchewan Financial Services Commission"
"946490","129502","Canada - Yukon Territories, Registrar of Securities"
"946490","129502","Canada - Prince Edward Island, Securities Office"
"946490","156713","Switzerland - Swiss Financial Market Supervisory Authority"
"946490","156445","Brazil - Securities and Exchange Commission"
"946490","129565","China, People's Republic of - China Securities Regulatory Commission "
"946490","129565","Hong Kong - Securities and Futures Commission"
"946490","129565","India - Securities and Exchange Board of India"
"946490","129573","China, People's Republic of - China Securities Regulatory Commission "
"946490","129573","India - Securities and Exchange Board of India"
"946490","129573","Other-UNITED KINGDOM - FINANCIAL CONDUCT AUTHORITY"
"946490","129577","India - Securities and Exchange Board of India"
"946490","129577","Singapore - Monetary Authority of Singapore"
"948466","197813","United Kingdom - Financial Conduct Authority"
"948466","197816","United Kingdom - Financial Conduct Authority"
"948466","197818","United Kingdom - Financial Conduct Authority"
"954083","146250","United Kingdom - Financial Conduct Authority"
"954083","146250","South Africa - Financial Services Board"
"953689","150118","Other-CAYMAN ISLANDS MONETARY AUTHORITY"
"953689","150119","Other-CAYMAN ISLANDS MONETARY AUTHORITY"
"954862","124218","Other-SPAIN - BANK OF SPAIN (BANCO DE ESPANA)"
"954862","124218","United Kingdom - Financial Conduct Authority"
"954862","124218","Australia - Australian Securities and Investments Commission"
"954862","124218","Other-AUSTRALIAN PRUDENTIAL REGULATION AUTHORITY"
"954862","124218","Other-FRANCE - AUTORITE DE CONTROLE PRUDENTIEL (BANQUE DE FRANCE)"
"954862","124218","Other-GERMANY - BUNDESANSTALT FUR FINANZDIENSTLESTUNGSAUSFSICHT (BAFIN)"
"954862","124218","Isle of Man - Financial Supervision Commission"
"954862","124218","Jersey - Jersey Financial Services Commission"
"954862","124218","Sweden - Swedish Financial Supervisory Authority"
"954862","124218","Netherlands - The Netherlands Authority for the Financial Markets"
"954777","150997","Other-CAYMAN ISLANDS MONETARY AUTHORITY"
"954296","133701","Hong Kong - Securities and Futures Commission"
"954768","140577","United Kingdom - Financial Conduct Authority"
"954768","155887","Singapore - Monetary Authority of Singapore"
"954359","131814","Singapore - Monetary Authority of Singapore"
"954359","131795","India - Securities and Exchange Board of India"
"954359","131825","China, People's Republic of - China Securities Regulatory Commission "
"954359","131825","India - Securities and Exchange Board of India"
"954359","131825","South Korea - Financial Supervisory Commission / Financial Supervisory Service"
"954359","131928","Canada - Alberta Securities Commission"
"954359","131928","Guam - Department of Revenue and Taxation"
"954359","131928","Canada - British Columbia Securities Commission"
"954359","131928","Canada - Manitoba Securities Commission"
"954359","131928","Canada - New Brunswick Securities Commission"
"954359","131928","Canada - Newfoundland and Labrador, Financial Services Regulation Division"
"954359","131928","Canada - Northwest Territories, Office of the Registrar of Securities"
"954359","131928","Canada - Nova Scotia Securities Commission"
"954359","131928","Canada - Nunavut, Registrar of Securities"
"954359","131928","Canada - Ontario Securities Commission"
"954359","131928","Canada - Prince Edward Island, Securities Office"
"954359","131928","Canada - Quebec, Financial Markets Authority"
"954359","131928","Canada - Saskatchewan Financial Services Commission"
"954359","131928","Canada - Yukon Territories, Registrar of Securities"
"954359","131928","Other-COMMONWEALTH OF THE NORTHERN MARIANA ISLANDS"
"954359","131832","Australia - Australian Securities and Investments Commission"
"954359","131832","South Africa - Financial Services Board"
"954359","131832","South Korea - Financial Supervisory Commission / Financial Supervisory Service"
"954359","131832","United Kingdom - Financial Conduct Authority"
"954359","131780","Canada - British Columbia Securities Commission"
"954359","131780","Canada - Manitoba Securities Commission"
"954359","131780","Canada - New Brunswick Securities Commission"
"954359","131780","Canada - Newfoundland and Labrador, Financial Services Regulation Division"
"954359","131780","Canada - Northwest Territories, Office of the Registrar of Securities"
"954359","131780","Canada - Nova Scotia Securities Commission"
"954359","131780","Canada - Nunavut, Registrar of Securities"
"954359","131780","Canada - Ontario Securities Commission"
"954359","131780","Canada - Prince Edward Island, Securities Office"
"954359","131780","Canada - Quebec, Financial Markets Authority"
"954359","131780","Canada - Saskatchewan Financial Services Commission"
"954359","131780","Canada - Yukon Territories, Registrar of Securities"
"954359","131780","Canada - Alberta Securities Commission"
"954359","131789","Japan - Financial Services Agency"
"954359","131809","India - Securities and Exchange Board of India"
"954527","149690","British Virgin Islands - British Virgin Islands Financial Services Commission"
"953731","121196","Germany - German Federal Financial Supervisory Agency"
"953731","173515","Germany - German Federal Financial Supervisory Agency"
"953731","129599","Germany - German Federal Financial Supervisory Agency"
"954773","148766","Other-UNITED KINGDOM - FINANCIAL CONDUCT AUTHORITY"
"955282","140577","United Kingdom - Financial Conduct Authority"
"955282","155887","Singapore - Monetary Authority of Singapore"
"953908","198528","Luxembourg, Grand Duchy of - Commission to Surveillance of the Finance Sector"
"954020","134518","Canada - Ontario Securities Commission"
"954020","152427","United Kingdom - Financial Conduct Authority"
"953503","117431","Mauritius, Republic of - Financial Services Commission"
"953503","117440","Mauritius, Republic of - Financial Services Commission"
"953503","175933","Mauritius, Republic of - Financial Services Commission"
"953503","175933","Mauritius, Republic of - Financial Services Commission"
"953503","175934","Mauritius, Republic of - Financial Services Commission"
"953503","117434","Mauritius, Republic of - Financial Services Commission"
"953503","117435","Mauritius, Republic of - Financial Services Commission"
"942686","198317","Jersey - Jersey Financial Services Commission"
"953110","123038","Luxembourg, Grand Duchy of - Commission to Surveillance of the Finance Sector"
"953110","122994","Brazil - Securities and Exchange Commission"
"953110","122994","Other-BRAZIL - CENTRAL BANK"
"953110","123036","United Kingdom - Financial Conduct Authority"
"953110","123041","Switzerland - Swiss Financial Market Supervisory Authority"
"953110","123044","Canada - Ontario Securities Commission"
"953110","125257","Other-AUSTRALIA - COMMONWEALTH DEPARTMENT OF THE TREASURY"
"953110","125257","Other-BAHAMAS - CENTRAL BANK OF THE BAHAMAS"
"953110","125257","Other-BAHRAIN - BAHRAIN MONETARY AUTHORITY"
"953110","125257","Other-BANCO CENTRAL DE LA REPUBLICA DE ARGENTINA INSPECCION GENERAL DE JUSTICA"
"953110","125257","Other-BEIJING - BEIJING ADMINISTRATION FOR INDUSTRY AND COMMERCE"
"953110","125257","Other-BELGIUM - COMMISSION BANCAINE ET FINANCIENE"
"953110","125257","Other-BRAZIL - CENTRAL BANK OF BRAZIL"
"953110","125257","Other-CANADA - OFFICE OF THE SUPERINTENDENT OF FINANCIAL INSTITUTIONS"
"953110","125257","Other-CHILE - BANCO CENTRAL DE CHILE SUPERINTENDENCIA DE BANCOS E INSTITUCIONES FINANCIERAS"
"953110","125257","Other-FRANCE - BANQUE DE FRANCE"
"953110","125257","Other-HONG KONG - HONG KONG MONETARY AUTHORITY"
"953110","125257","Other-INDIA - RESERVE BANK OF INDIA"
"953110","125257","Other-INDONESIA - BANK OF INDONESIA"
"953110","125257","Other-INDONESIA - MINISTRY OF FINANCE"
"953110","125257","Other-ITALY - BANK OF ITALY"
"953110","125257","Other-MALAYSIA - LABUAN OFFSHORE FINANCIAL SERVICES AUTHORITY"
"953110","125257","Other-NETHERLANDS - NEDERLANDSE BANK NV CENTRAL BANK"
"953110","125257","Other-NETHERLANDS - NEDERLANDSE VERENIGING VAN BANKEN (DUTCH ASSOCIATION OF BANKS)"
"953110","125257","Other-NEW ZEALAND - RESERVE BANK OF NEW ZEALAND"
"953110","125257","Other-PHILIPPINES - BANGKO SENTRAL NG PILIPINAS (CENTRAL BANK)"
"953110","125257","Other-QATAR - QATAR FINANCIAL CENTRAL REGULATORY AUTHORITY"
"953110","125257","Other-SAUDIA ARABIA - MINISTRY OF COMMERCE"
"953110","125257","Other-SOUTH AFRICA - SOUTH AFRICA RESERVE BANK"
"953110","125257","Other-SOUTH KOREA - MINISTRY OF FINANCE AND ECONOMY"
"953110","125257","Other-SPAIN - BANK OF SPAIN"
"953110","125257","Other-SWITZERLAND - FEDERAL BANKING COMMISSION"
"953110","125257","Thailand - Securities and Exchange Commission"
"953110","125257","Other-TAIWAN - CENTRAL BANK OF CHINA"
"953110","125257","Other-THAILAND - THE BANK OF THAILAND"
"953110","125257","Other-TURKEY - MINISTRY OF TRADE REGISTRY"
"953110","125257","Other-VIETNAM - STATE BANK OF VIETNAM"
"953110","125257","United Kingdom - Financial Conduct Authority"
"953110","125257","Jersey - Jersey Financial Services Commission"
"953110","125257","Germany - German Federal Financial Supervisory Agency"
"953110","125257","Hong Kong - Securities and Futures Commission"
"953110","125257","Australia - Australian Securities and Investments Commission"
"953110","125257","Brazil - Securities and Exchange Commission"
"953110","125257","China, People's Republic of - China Securities Regulatory Commission "
"953110","125257","Dubai - Dubai Financial Services Authority"
"953110","125257","Japan - Financial Services Agency"
"953110","125257","Singapore - Monetary Authority of Singapore"
"953110","125257","South Korea - Financial Supervisory Commission / Financial Supervisory Service"
"953110","125257","Taiwan - Financial Supervisory Commission"
"953110","125309","Brazil - Securities and Exchange Commission"
"953110","125309","Other-BRAZIL - CENTRAL BANK"
"953110","125312","Brazil - Securities and Exchange Commission"
"953110","125312","Other-BRAZIL - CENTRAL BANK"
"953110","159266","Canada - Quebec, Financial Markets Authority"
"953110","159266","Canada - Alberta Securities Commission"
"953110","159266","Canada - British Columbia Securities Commission"
"953110","159266","Canada - Manitoba Securities Commission"
"953110","159266","Canada - New Brunswick Securities Commission"
"953110","159266","Canada - Newfoundland and Labrador, Financial Services Regulation Division"
"953110","159266","Canada - Northwest Territories, Office of the Registrar of Securities"
"953110","159266","Canada - Nova Scotia Securities Commission"
"953110","159266","Canada - Nunavut, Registrar of Securities"
"953110","159266","Canada - Ontario Securities Commission"
"953110","159266","Canada - Prince Edward Island, Securities Office"
"953110","159266","Canada - Saskatchewan Financial Services Commission"
"953110","159266","India - Securities and Exchange Board of India"
"953110","123033","United Kingdom - Financial Conduct Authority"
"951820","198627","Other-TOKYO METROPOLITAN GOVERNMENT"
"951820","198627","Other-KANTO LOCAL FINANCE BUREAU, JAPAN"
"956780","129599","Germany - German Federal Financial Supervisory Agency"
"956780","121196","Germany - German Federal Financial Supervisory Agency"
"956780","173515","Germany - German Federal Financial Supervisory Agency"
"956504","164686","Jersey - Jersey Financial Services Commission"
"956504","164683","United Kingdom - Financial Conduct Authority"
"956504","164682","Jersey - Jersey Financial Services Commission"
"946490","129586","Japan - Financial Services Agency"
"946490","129586","Other-KANTO FINANCIAL BUREAU"
"946490","129275","South Korea - Financial Supervisory Commission / Financial Supervisory Service"
"946490","129275","India - Securities and Exchange Board of India"
"946490","129275","United Kingdom - Financial Conduct Authority"
"946490","129275","China, People's Republic of - China Securities Regulatory Commission "
"946490","129591","India - Securities and Exchange Board of India"
"946490","129591","Other-AUSTRALIAN PRUDENTIAL REGULATION AUTHORITY"
"946490","129591","Australia - Australian Securities and Investments Commission"
"946490","129601","Isle of Man - Financial Supervision Commission"
"946490","129608","Other-DE NEDERLANDSCHE BANK"
"946490","129608","Netherlands - The Netherlands Authority for the Financial Markets"
"946490","129629","Other-UNITED KINGDOM - FINANCIAL CONDUCT AUTHORITY"
"946490","129629","Other-UNITED KINGDOM - PRUDENTIAL REGULATION AUTHORITY"
"946490","142105","Luxembourg, Grand Duchy of - Commission to Surveillance of the Finance Sector"
"946490","142105","India - Securities and Exchange Board of India"
"946490","142106","Australia - Australian Securities and Investments Commission"
"946490","142106","Other-AUSTRALIAN PRUDENTIAL REGULATION AUTHORITY"
"950181","197814","Singapore - Monetary Authority of Singapore"
"942772","197000","United Kingdom - Financial Conduct Authority"
"942772","197034","United Kingdom - Financial Conduct Authority"
"942772","197037","United Kingdom - Financial Conduct Authority"
"942772","197041","United Kingdom - Financial Conduct Authority"
"949644","129238","United Kingdom - Financial Conduct Authority"
"950428","177311","Hong Kong - Securities and Futures Commission"
"950428","177311","South Korea - Financial Supervisory Commission / Financial Supervisory Service"
"950428","121694","Other-CAYMAN ISLANDS MONETARY AUTHORITY"
"950428","130842","Singapore - Monetary Authority of Singapore"
"949947","164683","United Kingdom - Financial Conduct Authority"
"949947","164686","Jersey - Jersey Financial Services Commission"
"949947","164682","Jersey - Jersey Financial Services Commission"
"950628","131814","Singapore - Monetary Authority of Singapore"
"950628","131795","India - Securities and Exchange Board of India"
"950628","131825","China, People's Republic of - China Securities Regulatory Commission "
"950628","131825","India - Securities and Exchange Board of India"
"950628","131825","South Korea - Financial Supervisory Commission / Financial Supervisory Service"
"950628","131928","Canada - Alberta Securities Commission"
"950628","131928","Guam - Department of Revenue and Taxation"
"950628","131928","Canada - British Columbia Securities Commission"
"950628","131928","Canada - Manitoba Securities Commission"
"950628","131928","Canada - New Brunswick Securities Commission"
"950628","131928","Canada - Newfoundland and Labrador, Financial Services Regulation Division"
"950628","131928","Canada - Northwest Territories, Office of the Registrar of Securities"
"950628","131928","Canada - Nova Scotia Securities Commission"
"950628","131928","Canada - Nunavut, Registrar of Securities"
"950628","131928","Canada - Ontario Securities Commission"
"950628","131928","Canada - Prince Edward Island, Securities Office"
"950628","131928","Canada - Quebec, Financial Markets Authority"
"950628","131928","Canada - Saskatchewan Financial Services Commission"
"950628","131928","Canada - Yukon Territories, Registrar of Securities"
"950628","131928","Other-COMMONWEALTH OF THE NORTHERN MARIANA ISLANDS"
"950628","131832","Australia - Australian Securities and Investments Commission"
"950628","131832","South Africa - Financial Services Board"
"950628","131832","South Korea - Financial Supervisory Commission / Financial Supervisory Service"
"950628","131832","United Kingdom - Financial Conduct Authority"
"950628","131780","Canada - British Columbia Securities Commission"
"950628","131780","Canada - Manitoba Securities Commission"
"950628","131780","Canada - New Brunswick Securities Commission"
"950628","131780","Canada - Newfoundland and Labrador, Financial Services Regulation Division"
"950628","131780","Canada - Northwest Territories, Office of the Registrar of Securities"
"950628","131780","Canada - Nova Scotia Securities Commission"
"950628","131780","Canada - Nunavut, Registrar of Securities"
"950628","131780","Canada - Ontario Securities Commission"
"950628","131780","Canada - Prince Edward Island, Securities Office"
"950628","131780","Canada - Quebec, Financial Markets Authority"
"950628","131780","Canada - Saskatchewan Financial Services Commission"
"950628","131780","Canada - Yukon Territories, Registrar of Securities"
"950628","131780","Canada - Alberta Securities Commission"
"950628","131789","Japan - Financial Services Agency"
"950628","131809","India - Securities and Exchange Board of India"
"939628","197355","Cayman Islands - Cayman Islands Monetary Authority"
"939628","197356","Cayman Islands - Cayman Islands Monetary Authority"
"933192","167019","Guernsey - Guernsey Financial Services Commission"
"933192","167022","United Kingdom - Financial Conduct Authority"
"933192","167023","Guernsey - Guernsey Financial Services Commission"
"933192","167024","Jersey - Jersey Financial Services Commission"
"933192","167028","Luxembourg, Grand Duchy of - Commission to Surveillance of the Finance Sector"
"933192","167029","Luxembourg, Grand Duchy of - Commission to Surveillance of the Finance Sector"
"933192","167035","Other-INDONESIAN FINANCIAL SERVICES AUTHORITY, INDONESIA"
"933192","167036","Luxembourg, Grand Duchy of - Commission to Surveillance of the Finance Sector"
"933192","167037","United Kingdom - Financial Conduct Authority"
"933192","161600","United Kingdom - Financial Conduct Authority"
"933192","139776","Malaysia - Securities Commission"
"933192","148652","Other-IRELAND - CENTRAL BANK OF IRELAND"
"933192","148624","Hungary - Hungarian Financial Supervisory Authority"
"933192","148625","Jersey - Jersey Financial Services Commission"
"933192","148626","Jersey - Jersey Financial Services Commission"
"933192","148628","Switzerland - Swiss Financial Market Supervisory Authority"
"933192","124758","United Kingdom - Financial Conduct Authority"
"933192","124758","United Kingdom - Prudential Regulation Authority"
"933192","124765","Thailand - Securities and Exchange Commission"
"933192","153652","United Kingdom - Financial Conduct Authority"
"933192","167014","United Kingdom - Financial Conduct Authority"
"933192","153653","United Kingdom - Financial Conduct Authority"
"933192","122759","Canada - New Brunswick Securities Commission"
"933192","122759","Canada - Nova Scotia Securities Commission"
"933192","122759","Ireland -  Central Bank of Ireland"
"933192","122759","Canada - Ontario Securities Commission"
"933192","122759","India - Securities and Exchange Board of India"
"933192","124793","Brazil - Securities and Exchange Commission"
"933192","122761","Australia - Australian Securities and Investments Commission"
"933192","124721","Sweden - Swedish Financial Supervisory Authority"
"933192","124727","Ireland -  Central Bank of Ireland"
"933192","124727","Singapore - Monetary Authority of Singapore"
"933192","124727","Canada - Ontario Securities Commission"
"933192","124727","South Korea - Financial Supervisory Commission / Financial Supervisory Service"
"933192","124727","India - Securities and Exchange Board of India"
"933192","124727","China, People's Republic of - China Securities Regulatory Commission "
"933192","124748","Canada - Ontario Securities Commission"
"933192","124752","Other-CAYMAN ISLANDS - CAYMAN ISLANDS MONETARY AUTHORITY"
"933192","148659","Luxembourg, Grand Duchy of - Commission to Surveillance of the Finance Sector"
"933192","148660","Luxembourg, Grand Duchy of - Commission to Surveillance of the Finance Sector"
"933192","148619","France - Financial Markets Authority"
"933192","148658","Luxembourg, Grand Duchy of - Commission to Surveillance of the Finance Sector"
"933192","124796","Canada - Ontario Securities Commission"
"933192","124808","Other-NORWAY - FINANCIAL SUPERVISORY AUTHORITY"
"933192","124818","United Kingdom - Financial Conduct Authority"
"933192","139775","South Korea - Financial Supervisory Commission / Financial Supervisory Service"
"933192","139775","United Kingdom - Financial Conduct Authority"
"933192","139775","South Africa - Financial Services Board"
"933192","139775","India - Securities and Exchange Board of India"
"933192","139775","Ireland -  Central Bank of Ireland"
"933192","139777","Malaysia - Securities Commission"
"933192","139778","Japan - Financial Services Agency"
"933192","139781","Taiwan - Financial Supervisory Commission"
"933192","148617","Other-NORWAY - FINANCIAL SUPERVISORY AUTHORITY"
"933192","148656","Other-IRELAND - CENTRAL BANK OF IRELAND"
"933192","148618","France - Financial Markets Authority"
"933192","166983","United Kingdom - Financial Conduct Authority"
"933192","148661","Luxembourg, Grand Duchy of - Commission to Surveillance of the Finance Sector"
"933192","148662","Luxembourg, Grand Duchy of - Commission to Surveillance of the Finance Sector"
"933192","148663","Luxembourg, Grand Duchy of - Commission to Surveillance of the Finance Sector"
"933192","148670","Luxembourg, Grand Duchy of - Commission to Surveillance of the Finance Sector"
"933192","148670","Canada - Ontario Securities Commission"
"933192","148670","Canada - Quebec, Financial Markets Authority"
"936151","153339","France - Financial Markets Authority"
"936151","111455","United Kingdom - Financial Conduct Authority"
"936151","111453","United Kingdom - Financial Conduct Authority"
"936151","113098","France - Financial Markets Authority"
"951094","112414","United Kingdom - Financial Conduct Authority"
"951094","112415","United Kingdom - Financial Conduct Authority"
"951094","113164","France - Financial Markets Authority"
"937111","196092","United Kingdom - Financial Conduct Authority"
"937111","196095","Mauritius, Republic of - Financial Services Commission"
"951271","111410","Hong Kong - Securities and Futures Commission"
"951271","142173","Dubai - Dubai Financial Services Authority"
"951279","161246","Hong Kong - Securities and Futures Commission"
"951279","161247","United Kingdom - Financial Conduct Authority"
"950861","165031","United Kingdom - Financial Conduct Authority"
"950861","165032","Guernsey - Guernsey Financial Services Commission"
"950861","165033","Luxembourg, Grand Duchy of - Commission to Surveillance of the Finance Sector"
"950861","165034","Other-MONACO COMMISSION DE CONTROLE DES ACTIVITIES FINANCIERES"
"950861","165030","Switzerland - Swiss Financial Market Supervisory Authority"
"950861","165036","Singapore - Monetary Authority of Singapore"
"950861","165036","Japan - Financial Services Agency"
"950861","165036","Other-HONG KONG MONETARY AUTHORITY"
"950861","165037","Bermuda - Bermuda Monetary Authority"
"950861","165029","Germany - German Federal Financial Supervisory Agency"
"950861","165039","Other-BANK OF GREECE"
"950861","165040","Japan - Financial Services Agency"
"950861","165041","Ireland -  Central Bank of Ireland"
"950861","165027","United Kingdom - Financial Conduct Authority"
"951289","165602","Japan - Financial Services Agency"
"951289","165602","Other-HONG KONG MONETARY AUTHORITY"
"951289","165602","Singapore - Monetary Authority of Singapore"
"951289","165599","Japan - Financial Services Agency"
"951289","165600","Ireland -  Central Bank of Ireland"
"951289","165590","Bermuda - Bermuda Monetary Authority"
"951289","165592","United Kingdom - Financial Conduct Authority"
"951289","165598","United Kingdom - Financial Conduct Authority"
"951289","165593","Guernsey - Guernsey Financial Services Commission"
"951289","165591","Other-BANK OF GREECE"
"951289","165594","Luxembourg, Grand Duchy of - Commission to Surveillance of the Finance Sector"
"951289","165596","Other-MONACO COMMISSION DE CONTROLE DES ACTIVITIES FINANCIERES"
"951289","165597","Switzerland - Swiss Financial Market Supervisory Authority"
"951289","165649","United Kingdom - Financial Conduct Authority"
"951289","165601","Germany - German Federal Financial Supervisory Agency"
"951140","138735","Cayman Islands - Cayman Islands Monetary Authority"
"951096","151724","Australia - Australian Securities and Investments Commission"
"951096","139326","Australia - Australian Securities and Investments Commission"
"952469","197792","Cayman Islands - Cayman Islands Monetary Authority"
"952762","194164","United Kingdom - Financial Conduct Authority"
"952306","198410","Jersey - Jersey Financial Services Commission"
"943885","197167","Cayman Islands - Cayman Islands Monetary Authority"
"958842","149416","Malaysia - Securities Commission"
"958842","149417","China, People's Republic of - China Securities Regulatory Commission "
"958842","149418","Singapore - Monetary Authority of Singapore"
"958842","149422","United Kingdom - Financial Conduct Authority"
"958842","149425","Singapore - Monetary Authority of Singapore"
"958842","149427","Thailand - Securities and Exchange Commission"
"958842","149441","Ireland -  Central Bank of Ireland"
"958842","149411","Singapore - Monetary Authority of Singapore"
"958842","149412","Other-BRUNEI - BRUNEI INTERNATIONAL FINANCIAL CENTRE"
"958842","149413","Other-JAPAN - KANTO LOCAL FINANCE BUREAU"
"958842","149414","Thailand - Securities and Exchange Commission"
"958842","167889","Singapore - Monetary Authority of Singapore"
"958842","149415","Taiwan - Financial Supervisory Commission"
"953341","158328","Hong Kong - Securities and Futures Commission"
"953341","126926","United Kingdom - Financial Conduct Authority"
"953341","126926","Ireland -  Central Bank of Ireland"
"956769","186942","United Kingdom - Financial Conduct Authority"
"956769","122966","Hong Kong - Securities and Futures Commission"
"957060","127457","Singapore - Monetary Authority of Singapore"
"957060","127463","Australia - Australian Securities and Investments Commission"
"957060","127467","Canada - Ontario Securities Commission"
"957060","127468","Germany - German Federal Financial Supervisory Agency"
"957060","127449","Hong Kong - Securities and Futures Commission"
"957060","127470","United Kingdom - Financial Conduct Authority"
"957060","127475","Japan - Financial Services Agency"
"957060","127479","Luxembourg, Grand Duchy of - Commission to Surveillance of the Finance Sector"
"957060","140924","Germany - German Federal Financial Supervisory Agency"
"957060","177639","Switzerland - Swiss Financial Market Supervisory Authority"
"961226","111442","United Kingdom - Financial Conduct Authority"
"961226","145789","Dubai - Dubai Financial Services Authority"
"959344","186833","Australia - Australian Securities and Investments Commission"
"959344","186832","Other-AUSTRALIA - AUSTRALIAN TRANSACTION REPORTING AND ANALYSIS CENTRE"
"959344","186835","Australia - Australian Securities and Investments Commission"
"959344","186835","Other-AUSTRALIA - AUSTRALIAN TRANSACTION REPORTING AND ANALYSIS CENTRE"
"959344","186832","Australia - Australian Securities and Investments Commission"
"959344","186836","Australia - Australian Securities and Investments Commission"
"961560","137270","Other-VANUATU FINANCIAL SERVICES COMMISSION"
"961560","137272","Mauritius, Republic of - Financial Services Commission"
"961560","137273","Mauritius, Republic of - Financial Services Commission"
"961560","137275","Other-DUBAI FINANCIAL SERVICES AUTHORITY"
"961560","137278","Singapore - Monetary Authority of Singapore"
"961560","137474","Other-AUTORITI MONETARI BRUNEI DARUSSALAM,  BRUNEI DARUSSALAM"
"961560","137224","Mauritius, Republic of - Financial Services Commission"
"961560","137225","Mauritius, Republic of - Financial Services Commission"
"961560","137226","Mauritius, Republic of - Financial Services Commission"
"961560","137227","Mauritius, Republic of - Financial Services Commission"
"961560","137228","Mauritius, Republic of - Financial Services Commission"
"961560","137229","Other-SECURITIES AND EXCHANGE COMMISSION OF GHANA"
"961560","137230","Other-CAPITAL MARKETS AUTHORITY OF KENYA"
"961560","137239","South Africa - Financial Services Board"
"961560","137239","Mauritius, Republic of - Financial Services Commission"
"961560","137240","Mauritius, Republic of - Financial Services Commission"
"961560","137241","Mauritius, Republic of - Financial Services Commission"
"961560","137242","Mauritius, Republic of - Financial Services Commission"
"961560","137255","Mauritius, Republic of - Financial Services Commission"
"961560","137259","Mauritius, Republic of - Financial Services Commission"
"961560","137260","Mauritius, Republic of - Financial Services Commission"
"958966","199237","Other-ZIMBABWE - SECURITIES AND EXCHANGE COMMISSION OF ZIMBABWE"
"958966","196299","Mauritius, Republic of - Financial Services Commission"
"958966","125049","United Kingdom - Financial Conduct Authority"
"958966","125057","Other-SEC ZIMBABWE"
"958966","124997","South Africa - Financial Services Board"
"958966","125064","Mauritius, Republic of - Financial Services Commission"
"958966","199238","Other-BOTSWANA - BOTSWANA STOCK EXCHANGE"
"941187","196950","France - Financial Markets Authority"
"941187","196950","Germany - German Federal Financial Supervisory Agency"
"941187","196950","Hong Kong - Securities and Futures Commission"
"941187","196950","Italy - National Stock Exchange Commission"
"941187","196950","Other-BELGIUM - BANQUE NATIONALE DE BELGIQUE"
"941187","196950","Other-FRANCE - COMMISSION BANCAIRE"
"941187","196950","Other-HONG KONG - HONG KONG MONETARY AUTHORITY"
"941187","196950","Other-ITALY - BANCA ITALIA"
"941187","196950","Other-NETHERLAND - DE NETHERLANDSHE BANK"
"941187","196950","Other-SPAIN - BANCO DE ESPANA"
"941187","196950","Other-SPAIN - NATIONAL COMMISSION OF SECURITIES MARKETS"
"941187","196947","Switzerland - Swiss Financial Market Supervisory Authority"
"941187","196950","Luxembourg, Grand Duchy of - Commission to Surveillance of the Finance Sector"
"941187","198319","Australia - Australian Securities and Investments Commission"
"941187","198319","Canada - Alberta Securities Commission"
"941187","198319","Canada - British Columbia Securities Commission"
"941187","198319","Canada - New Brunswick Securities Commission"
"941187","198319","Canada - Nova Scotia Securities Commission"
"941187","198319","Canada - Ontario Securities Commission"
"941187","198319","Canada - Quebec, Financial Markets Authority"
"941187","198319","Canada - Saskatchewan Financial Services Commission"
"941187","198319","China, People's Republic of - China Securities Regulatory Commission "
"941187","198319","India - Securities and Exchange Board of India"
"941187","198319","South Korea - Financial Supervisory Commission / Financial Supervisory Service"
"941187","198319","United Kingdom - Financial Conduct Authority"
"941187","198006","Bahamas - Securities Commission of the Bahamas"
"941187","198005","Bahamas - Securities Commission of the Bahamas"
"941187","196951","Canada - Alberta Securities Commission"
"941187","196951","Canada - British Columbia Securities Commission"
"941187","196951","Canada - New Brunswick Securities Commission"
"941187","196951","Canada - Nova Scotia Securities Commission"
"941187","196951","Canada - Ontario Securities Commission"
"941187","196951","Canada - Quebec, Financial Markets Authority"
"941187","196951","Canada - Saskatchewan Financial Services Commission"
"941187","196951","India - Securities and Exchange Board of India"
"941187","196951","Switzerland - Swiss Financial Market Supervisory Authority"
"963577","152151","Other-NORWAY - THE FINANCIAL SUPERVISORY AUTHORITY OF NORWAY"
"963577","152156","Malaysia - Securities Commission"
"963577","152155","India - Securities and Exchange Board of India"
"963577","152155","Canada - Ontario Securities Commission"
"963577","152155","Canada - Nova Scotia Securities Commission"
"963577","152155","Canada - New Brunswick Securities Commission"
"963577","152155","Ireland -  Central Bank of Ireland"
"963577","152157","Malaysia - Securities Commission"
"963577","152158","Hong Kong - Securities and Futures Commission"
"963577","152159","Japan - Financial Services Agency"
"963577","152160","China, People's Republic of - China Securities Regulatory Commission "
"963577","152154","United Kingdom - Financial Conduct Authority"
"963577","152162","France - Financial Markets Authority"
"963577","152189","Ireland -  Central Bank of Ireland"
"963577","152127","Other-UK: FINANCIAL CONDUCT AUTHORITY AND PRUDENTIAL REGULATION AUTHORITY"
"963577","152125","Canada - Ontario Securities Commission"
"963577","152126","Other-CAYMAN ISLANDS MONETARY AUTHORITY"
"963577","152124","India - Securities and Exchange Board of India"
"963577","152124","China, People's Republic of - China Securities Regulatory Commission "
"963577","152124","Ireland -  Central Bank of Ireland"
"963577","152124","Singapore - Monetary Authority of Singapore"
"963577","152124","South Korea - Financial Supervisory Commission / Financial Supervisory Service"
"963577","152124","Canada - Ontario Securities Commission"
"963577","152123","Sweden - Swedish Financial Supervisory Authority"
"963577","152166","Jersey - Jersey Financial Services Commission"
"963577","152171","Switzerland - Swiss Financial Market Supervisory Authority"
"963577","152169","Jersey - Jersey Financial Services Commission"
"963577","152192","Luxembourg, Grand Duchy of - Commission to Surveillance of the Finance Sector"
"963577","152193","Luxembourg, Grand Duchy of - Commission to Surveillance of the Finance Sector"
"963577","152165","Hungary - Hungarian Financial Supervisory Authority"
"963577","152194","Luxembourg, Grand Duchy of - Commission to Surveillance of the Finance Sector"
"963577","152195","Luxembourg, Grand Duchy of - Commission to Surveillance of the Finance Sector"
"963577","152196","Luxembourg, Grand Duchy of - Commission to Surveillance of the Finance Sector"
"963577","166368","Other-INDONESIAN FINANCIAL SERVICES AUTHORITY"
"963577","166341","United Kingdom - Financial Conduct Authority"
"963577","166343","United Kingdom - Financial Conduct Authority"
"963577","166345","United Kingdom - Financial Conduct Authority"
"963577","166347","United Kingdom - Financial Conduct Authority"
"963577","166356","United Kingdom - Financial Conduct Authority"
"963577","166357","Guernsey - Guernsey Financial Services Commission"
"963577","166358","Jersey - Jersey Financial Services Commission"
"963577","166353","Guernsey - Guernsey Financial Services Commission"
"963577","166361","Luxembourg, Grand Duchy of - Commission to Surveillance of the Finance Sector"
"963577","166362","Luxembourg, Grand Duchy of - Commission to Surveillance of the Finance Sector"
"963577","152202","Luxembourg, Grand Duchy of - Commission to Surveillance of the Finance Sector"
"963577","152203","Luxembourg, Grand Duchy of - Commission to Surveillance of the Finance Sector"
"963577","118967","United Kingdom - Financial Conduct Authority"
"963577","152145","Australia - Australian Securities and Investments Commission"
"963577","152146","Thailand - Securities and Exchange Commission"
"963577","152147","India - Securities and Exchange Board of India"
"963577","152147","South Korea - Financial Supervisory Commission / Financial Supervisory Service"
"963577","152147","United Kingdom - Financial Conduct Authority"
"963577","152147","South Africa - Financial Services Board"
"963577","152148","Brazil - Securities and Exchange Commission"
"963577","152149","Canada - Ontario Securities Commission"
"963577","152170","Sweden - Swedish Financial Supervisory Authority"
"963577","152203","Canada - Ontario Securities Commission"
"963577","152147","Ireland -  Central Bank of Ireland"
"963577","152203","Canada - Quebec, Financial Markets Authority"
"963577","199853","Hong Kong - Securities and Futures Commission"
"963577","152158","Canada - Ontario Securities Commission"
"963577","152158","Canada - Quebec, Financial Markets Authority"
"958853","148670","Luxembourg, Grand Duchy of - Commission to Surveillance of the Finance Sector"
"958853","148670","Canada - Ontario Securities Commission"
"958853","148670","Canada - Quebec, Financial Markets Authority"
"958853","166983","United Kingdom - Financial Conduct Authority"
"958853","148618","France - Financial Markets Authority"
"958853","167014","United Kingdom - Financial Conduct Authority"
"958853","167019","Guernsey - Guernsey Financial Services Commission"
"958853","167022","United Kingdom - Financial Conduct Authority"
"958853","167023","Guernsey - Guernsey Financial Services Commission"
"958853","167024","Jersey - Jersey Financial Services Commission"
"958853","167028","Luxembourg, Grand Duchy of - Commission to Surveillance of the Finance Sector"
"958853","167029","Luxembourg, Grand Duchy of - Commission to Surveillance of the Finance Sector"
"958853","167035","Other-INDONESIAN FINANCIAL SERVICES AUTHORITY, INDONESIA"
"958853","167036","Luxembourg, Grand Duchy of - Commission to Surveillance of the Finance Sector"
"958853","167037","United Kingdom - Financial Conduct Authority"
"958853","161600","United Kingdom - Financial Conduct Authority"
"958853","139776","Malaysia - Securities Commission"
"958853","148652","Other-IRELAND - CENTRAL BANK OF IRELAND"
"958853","148624","Hungary - Hungarian Financial Supervisory Authority"
"958853","148625","Jersey - Jersey Financial Services Commission"
"958853","148626","Jersey - Jersey Financial Services Commission"
"958853","148628","Switzerland - Swiss Financial Market Supervisory Authority"
"958853","124758","United Kingdom - Financial Conduct Authority"
"958853","124758","United Kingdom - Prudential Regulation Authority"
"958853","124765","Thailand - Securities and Exchange Commission"
"958853","153652","United Kingdom - Financial Conduct Authority"
"958853","153653","United Kingdom - Financial Conduct Authority"
"958853","122759","Canada - New Brunswick Securities Commission"
"958853","122759","Canada - Nova Scotia Securities Commission"
"958853","122759","Ireland -  Central Bank of Ireland"
"958853","122759","Canada - Ontario Securities Commission"
"958853","122759","India - Securities and Exchange Board of India"
"958853","124793","Brazil - Securities and Exchange Commission"
"958853","122761","Australia - Australian Securities and Investments Commission"
"958853","124721","Sweden - Swedish Financial Supervisory Authority"
"958853","124727","Ireland -  Central Bank of Ireland"
"958853","124727","Singapore - Monetary Authority of Singapore"
"958853","124727","Canada - Ontario Securities Commission"
"958853","124727","South Korea - Financial Supervisory Commission / Financial Supervisory Service"
"958853","124727","India - Securities and Exchange Board of India"
"958853","124727","China, People's Republic of - China Securities Regulatory Commission "
"958853","124748","Canada - Ontario Securities Commission"
"958853","124752","Other-CAYMAN ISLANDS - CAYMAN ISLANDS MONETARY AUTHORITY"
"958853","148659","Luxembourg, Grand Duchy of - Commission to Surveillance of the Finance Sector"
"958853","148660","Luxembourg, Grand Duchy of - Commission to Surveillance of the Finance Sector"
"958853","148619","France - Financial Markets Authority"
"958853","148658","Luxembourg, Grand Duchy of - Commission to Surveillance of the Finance Sector"
"958853","124796","Canada - Ontario Securities Commission"
"958853","124808","Other-NORWAY - FINANCIAL SUPERVISORY AUTHORITY"
"958853","124818","United Kingdom - Financial Conduct Authority"
"958853","139775","South Korea - Financial Supervisory Commission / Financial Supervisory Service"
"958853","139775","United Kingdom - Financial Conduct Authority"
"958853","139775","South Africa - Financial Services Board"
"958853","139775","India - Securities and Exchange Board of India"
"958853","139775","Ireland -  Central Bank of Ireland"
"958853","139777","Malaysia - Securities Commission"
"958853","139778","Japan - Financial Services Agency"
"958853","139781","Taiwan - Financial Supervisory Commission"
"958853","148617","Other-NORWAY - FINANCIAL SUPERVISORY AUTHORITY"
"958853","148656","Other-IRELAND - CENTRAL BANK OF IRELAND"
"958853","148661","Luxembourg, Grand Duchy of - Commission to Surveillance of the Finance Sector"
"958853","148662","Luxembourg, Grand Duchy of - Commission to Surveillance of the Finance Sector"
"958853","148663","Luxembourg, Grand Duchy of - Commission to Surveillance of the Finance Sector"
"963249","194355","Italy - National Stock Exchange Commission"
"963249","194355","Other-BANK OF ITALY"
"963249","194352","United Kingdom - Financial Conduct Authority"
"963249","194356","Other-BANK OF ITALY"
"963249","194356","Italy - National Stock Exchange Commission"
"963249","194262","Switzerland - Swiss Financial Market Supervisory Authority"
"963249","196053","Luxembourg, Grand Duchy of - Commission to Surveillance of the Finance Sector"
"950410","198179","Cayman Islands - Cayman Islands Monetary Authority"
"959232","199135","Hong Kong - Securities and Futures Commission"
"959232","199134","Cayman Islands - Cayman Islands Monetary Authority"
"958415","199167","Cayman Islands - Cayman Islands Monetary Authority"
"958415","199168","Guernsey - Guernsey Financial Services Commission"
"958415","199065","Guernsey - Guernsey Financial Services Commission"
"958415","199064","United Kingdom - Financial Conduct Authority"
"958415","199171","Cayman Islands - Cayman Islands Monetary Authority"
"958415","199169","Cayman Islands - Cayman Islands Monetary Authority"
"958415","199170","Cayman Islands - Cayman Islands Monetary Authority"
"962682","199129","France - Financial Markets Authority"
"962682","199130","Japan - Financial Services Agency"
"964457","108643","Canada - Ontario Securities Commission"
"964457","108645","South Korea - Financial Supervisory Commission / Financial Supervisory Service"
"964457","108667","Australia - Australian Securities and Investments Commission"
"964457","108672","United Kingdom - Financial Conduct Authority"
"964457","108673","Japan - Financial Services Agency"
"964457","50720","Other-REGISTRAR OF COMPANIES, GRAND CAYMAN"
"964457","109085","Australia - Australian Securities and Investments Commission"
"964457","141573","France - Financial Markets Authority"
"964457","108671","Other-NEW ZEALAND SECURITIES COMMISSION AND COMPANIES OFFICE"
"964457","50709","Australia - Australian Securities and Investments Commission"
"964457","50711","United Kingdom - Financial Conduct Authority"
"964457","50718","Singapore - Monetary Authority of Singapore"
"958715","116588","France - Financial Markets Authority"
"958715","140119","Hong Kong - Securities and Futures Commission"
"962064","169395","United Kingdom - Financial Conduct Authority"
"960428","139840","Mauritius, Republic of - Financial Services Commission"
"961773","151714","Canada - Nova Scotia Securities Commission"
"961773","151714","Canada - Ontario Securities Commission"
"961773","151717","United Kingdom - Financial Conduct Authority"
"961773","151717","Australia - Australian Securities and Investments Commission"
"961773","151714","Canada - Quebec, Financial Markets Authority"
"961773","151714","Ireland -  Central Bank of Ireland"
"961773","151714","United Kingdom - Financial Conduct Authority"
"961773","151714","Australia - Australian Securities and Investments Commission"
"961773","151722","Singapore - Monetary Authority of Singapore"
"961773","151722","Australia - Australian Securities and Investments Commission"
"961773","152655","Ireland -  Central Bank of Ireland"
"961773","152655","United Kingdom - Financial Conduct Authority"
"961773","151713","Canada - Alberta Securities Commission"
"961773","151713","Australia - Australian Securities and Investments Commission"
"961773","151713","Canada - Nova Scotia Securities Commission"
"961773","151713","Canada - Ontario Securities Commission"
"961773","151713","Canada - Quebec, Financial Markets Authority"
"961773","151713","India - Securities and Exchange Board of India"
"961773","151713","Ireland -  Central Bank of Ireland"
"961773","151713","United Kingdom - Financial Conduct Authority"
"961773","151713","Canada - British Columbia Securities Commission"
"961770","151018","Australia - Australian Securities and Investments Commission"
"961770","151018","United Kingdom - Financial Conduct Authority"
"961770","151022","Ireland -  Central Bank of Ireland"
"961770","151022","United Kingdom - Financial Conduct Authority"
"961770","151024","Australia - Australian Securities and Investments Commission"
"961770","151024","Singapore - Monetary Authority of Singapore"
"961770","151016","Australia - Australian Securities and Investments Commission"
"961770","151016","Canada - Nova Scotia Securities Commission"
"961770","151016","Canada - Ontario Securities Commission"
"961770","151016","Canada - Quebec, Financial Markets Authority"
"961770","151016","Ireland -  Central Bank of Ireland"
"961770","151016","United Kingdom - Financial Conduct Authority"
"961770","151015","Canada - British Columbia Securities Commission"
"961770","151015","United Kingdom - Financial Conduct Authority"
"961770","151015","Australia - Australian Securities and Investments Commission"
"961770","151015","Canada - Nova Scotia Securities Commission"
"961770","151015","Canada - Ontario Securities Commission"
"961770","151015","Canada - Quebec, Financial Markets Authority"
"961770","151015","India - Securities and Exchange Board of India"
"961770","151015","Ireland -  Central Bank of Ireland"
"961770","151015","Canada - Alberta Securities Commission"
"963507","140037","France - Financial Markets Authority"
"963507","140039","Hungary - Hungarian Financial Supervisory Authority"
"963507","140036","Taiwan - Financial Supervisory Commission"
"963507","140040","Jersey - Jersey Financial Services Commission"
"963507","140041","Switzerland - Swiss Financial Market Supervisory Authority"
"963507","199711","Luxembourg, Grand Duchy of - Commission to Surveillance of the Finance Sector"
"963507","199279","Hong Kong - Securities and Futures Commission"
"963507","124546","United Kingdom - Financial Conduct Authority"
"963507","140027","Canada - Ontario Securities Commission"
"963507","140027","Hong Kong - Securities and Futures Commission"
"963507","140031","Norway - The Banking, Insurance and Securities Commission"
"963507","124229","Canada - New Brunswick Securities Commission"
"963507","124229","Canada - Nova Scotia Securities Commission"
"963507","124229","Canada - Ontario Securities Commission"
"963507","124229","Ireland -  Central Bank of Ireland"
"963507","124229","India - Securities and Exchange Board of India"
"963507","140032","Malaysia - Securities Commission"
"963507","140033","Malaysia - Securities Commission"
"963507","140034","Japan - Financial Services Agency"
"963507","166290","Other-INDONESIAN FINANCIAL SERVICES AUTHORITY, INDONESIA"
"963507","140046","Ireland -  Central Bank of Ireland"
"963507","140049","Luxembourg, Grand Duchy of - Commission to Surveillance of the Finance Sector"
"963507","140050","Luxembourg, Grand Duchy of - Commission to Surveillance of the Finance Sector"
"963507","140051","Luxembourg, Grand Duchy of - Commission to Surveillance of the Finance Sector"
"963507","140052","Luxembourg, Grand Duchy of - Commission to Surveillance of the Finance Sector"
"963507","166275","Guernsey - Guernsey Financial Services Commission"
"963507","166278","United Kingdom - Financial Conduct Authority"
"963507","166279","Guernsey - Guernsey Financial Services Commission"
"963507","166280","Jersey - Jersey Financial Services Commission"
"963507","166283","Luxembourg, Grand Duchy of - Commission to Surveillance of the Finance Sector"
"963507","166284","Luxembourg, Grand Duchy of - Commission to Surveillance of the Finance Sector"
"963507","162369","United Kingdom - Financial Conduct Authority"
"963507","162366","United Kingdom - Financial Conduct Authority"
"963507","162367","United Kingdom - Financial Conduct Authority"
"963507","162368","United Kingdom - Financial Conduct Authority"
"963507","140053","Luxembourg, Grand Duchy of - Commission to Surveillance of the Finance Sector"
"963507","153371","United Kingdom - Financial Conduct Authority"
"963507","153372","United Kingdom - Financial Conduct Authority"
"963507","124458","Canada - Ontario Securities Commission"
"963507","124462","Cayman Islands - Cayman Islands Stock Exchange Authority"
"963507","124473","United Kingdom - Financial Conduct Authority"
"963507","150941","France - Financial Markets Authority"
"963507","150976","Sweden - Swedish Financial Supervisory Authority"
"963507","150975","Jersey - Jersey Financial Services Commission"
"963507","124237","Australia - Australian Securities and Investments Commission"
"963507","124433","Sweden - Swedish Financial Supervisory Authority"
"963507","124451","Canada - Ontario Securities Commission"
"963507","124451","Singapore - Monetary Authority of Singapore"
"963507","124451","South Korea - Financial Supervisory Commission / Financial Supervisory Service"
"963507","124451","Ireland -  Central Bank of Ireland"
"963507","124451","India - Securities and Exchange Board of India"
"963507","124451","China, People's Republic of - China Securities Regulatory Commission "
"963507","150992","Luxembourg, Grand Duchy of - Commission to Surveillance of the Finance Sector"
"963507","124476","United Kingdom - Financial Conduct Authority"
"963507","124476","South Africa - Financial Services Board"
"963507","124476","South Korea - Financial Supervisory Commission / Financial Supervisory Service"
"963507","124476","Ireland -  Central Bank of Ireland"
"963507","124476","India - Securities and Exchange Board of India"
"963507","124497","Brazil - Securities and Exchange Commission"
"963507","124475","Thailand - Securities and Exchange Commission"
"963507","124502","Canada - Ontario Securities Commission"
"958987","134686","Australia - Australian Securities and Investments Commission"
"948438","165866","Other-FRANCE - AUTORIT DE CONTRLE PRUDENTIEL ET DE RGULATION (ACPR)"
"948438","163675","Hong Kong - Securities and Futures Commission"
"948438","163664","Canada - Alberta Securities Commission"
"948438","163664","Canada - Manitoba Securities Commission"
"948438","163664","Canada - British Columbia Securities Commission"
"948438","163664","Canada - New Brunswick Securities Commission"
"948438","163664","Canada - Newfoundland and Labrador, Financial Services Regulation Division"
"948438","163664","Canada - Nova Scotia Securities Commission"
"948438","163664","Canada - Ontario Securities Commission"
"948438","163664","Canada - Prince Edward Island, Securities Office"
"948438","163664","Canada - Saskatchewan Financial Services Commission"
"948438","163664","Canada - Quebec, Financial Markets Authority"
"948438","163664","Canada - Yukon Territories, Registrar of Securities"
"948438","163682","Canada - Alberta Securities Commission"
"948438","163682","Canada - British Columbia Securities Commission"
"948438","163682","Canada - Manitoba Securities Commission"
"948438","163682","Canada - Prince Edward Island, Securities Office"
"948438","163682","Other-CANADA - OFFICE OF THE SUPERINTENDENT OF FINANCIAL INSTITUTIONS (OSFI)"
"948438","163682","Canada - New Brunswick Securities Commission"
"948438","163682","Canada - Newfoundland and Labrador, Financial Services Regulation Division"
"948438","163682","Canada - Nova Scotia Securities Commission"
"948438","163682","Canada - Ontario Securities Commission"
"948438","163682","Canada - Quebec, Financial Markets Authority"
"948438","163682","Canada - Yukon Territories, Registrar of Securities"
"948438","163682","Canada - Saskatchewan Financial Services Commission"
"948438","163693","India - Securities and Exchange Board of India"
"948438","163699","China, People's Republic of - China Securities Regulatory Commission "
"948438","163697","United Kingdom - Financial Conduct Authority"
"948438","163700","Malaysia - Securities Commission"
"948438","163701","India - Securities and Exchange Board of India"
"948438","163703","Malaysia - Securities Commission"
"948438","163708","United Kingdom - Financial Conduct Authority"
"948438","163709","Dubai - Dubai Financial Services Authority"
"948438","163712","China, People's Republic of - China Securities Regulatory Commission "
"948438","163712","India - Securities and Exchange Board of India"
"948438","163713","Other-VIETNAM - STATE SECURITIES COMMISSION OF VIETNAM"
"948438","163710","Other-SOUTH KOREA - FINANCIAL SERVICES COMMISSION / FINANCIAL SUPERVISORY SERVICE"
"948438","163710","Other-SOUTH KOREA - KOREA FINANCIAL INVESTMENT ASSOCIATION"
"948438","163715","Mexico - National Commission for Banking and Securities"
"948438","163717","Other-HONG KONG MONETARY AUTHORITY"
"948438","163716","Netherlands - The Netherlands Authority for the Financial Markets"
"948438","163716","Spain - National Commission of Securities Markets"
"948438","163716","Sweden - Swedish Financial Supervisory Authority"
"948438","163716","United Kingdom - Financial Conduct Authority"
"948438","163716","Other-ROMANIA/ROMANIAN NATIONAL SECURITIES COMMISSION"
"948438","163716","Other-SOUTH KOREA - FINANCIAL SERVICES COMMISSION / FINANCIAL SUPERVISORY SERVICE"
"948438","163716","Dubai - Dubai Financial Services Authority"
"948438","163716","Germany - German Federal Financial Supervisory Agency"
"948438","163719","Cayman Islands - Cayman Islands Monetary Authority"
"948438","163721","India - Securities and Exchange Board of India"
"948438","163721","Other-SOUTH KOREA - FINANCIAL SERVICES COMMISSION / FINANCIAL SUPERVISORY SERVICE"
"948438","163706","Brazil - Securities and Exchange Commission"
"948438","163706","Other-BRAZIL ANBIMA (BRAZIL FINANCIAL AND CAPITAL MARKETS ASSOICATION)"
"948438","163707","Japan - Financial Services Agency"
"948438","163707","Other-JAPAN - INVESTMENT TRUST ASSOCIATION"
"948438","163707","Other-JAPAN SECURITIES INVESTMENT ADVISERS ASSOCIATION"
"948438","163705","Australia - Australian Securities and Investments Commission"
"948438","163672","Taiwan - Financial Supervisory Commission"
"948438","163672","Hong Kong - Securities and Futures Commission"
"948438","163672","India - Securities and Exchange Board of India"
"948438","163672","Singapore - Monetary Authority of Singapore"
"948438","163672","Other-SOUTH KOREA - FINANCIAL SERVICES COMMISSION / FNANCIAL SUPERVISORY SERVICE"
"948438","163673","Bahamas - Securities Commission of the Bahamas"
"948438","163673","India - Securities and Exchange Board of India"
"948438","163673","Malaysia - Securities Commission"
"948438","163671","Hong Kong - Securities and Futures Commission"
"948438","163671","India - Securities and Exchange Board of India"
"948438","163671","Other-HONG KONG - MANDATORY PROVIDENT FUND SCHEMES"
"948438","163674","Australia - Australian Securities and Investments Commission"
"963255","191731","Cayman Islands - Cayman Islands Monetary Authority"
"954326","153469","Switzerland - Swiss Financial Market Supervisory Authority"
"954326","153469","Other-SWISS FUND & ASSET MANAGEMENT ASSOCIATION"
"948017","199001","Luxembourg, Grand Duchy of - Commission to Surveillance of the Finance Sector"
"948017","199002","Luxembourg, Grand Duchy of - Commission to Surveillance of the Finance Sector"
"948017","199000","Luxembourg, Grand Duchy of - Commission to Surveillance of the Finance Sector"
"948017","199004","Luxembourg, Grand Duchy of - Commission to Surveillance of the Finance Sector"
"948017","199701","Luxembourg, Grand Duchy of - Commission to Surveillance of the Finance Sector"
"948017","199705","Luxembourg, Grand Duchy of - Commission to Surveillance of the Finance Sector"
"948017","198820","Luxembourg, Grand Duchy of - Commission to Surveillance of the Finance Sector"
"962741","186942","United Kingdom - Financial Conduct Authority"
"962741","122966","Hong Kong - Securities and Futures Commission"
"961511","115172","Japan - Financial Services Agency"
"954305","162339","Singapore - Monetary Authority of Singapore"
"958926","199129","France - Financial Markets Authority"
"958926","199130","Japan - Financial Services Agency"
"957254","198901","Cayman Islands - Cayman Islands Monetary Authority"
"961518","114383","Hong Kong - Securities and Futures Commission"
"961518","155993","Singapore - Monetary Authority of Singapore"
"961518","117430","Mauritius, Republic of - Financial Services Commission"
"960169","164686","Jersey - Jersey Financial Services Commission"
"960169","164683","United Kingdom - Financial Conduct Authority"
"960169","164682","Jersey - Jersey Financial Services Commission"
"961534","167602","Canada - New Brunswick Securities Commission"
"961534","167602","Canada - Nova Scotia Securities Commission"
"961534","167602","Canada - Ontario Securities Commission"
"961534","167602","India - Securities and Exchange Board of India"
"961534","167602","Ireland -  Central Bank of Ireland"
"961534","167472","China, People's Republic of - China Securities Regulatory Commission "
"961534","167472","India - Securities and Exchange Board of India"
"961534","167472","Canada - Ontario Securities Commission"
"961534","167472","Ireland -  Central Bank of Ireland"
"961534","167472","Singapore - Monetary Authority of Singapore"
"961534","167472","South Korea - Financial Supervisory Commission / Financial Supervisory Service"
"961534","167475","Cayman Islands - Cayman Islands Monetary Authority"
"961534","167474","Canada - Ontario Securities Commission"
"961534","167476","United Kingdom - Financial Conduct Authority"
"961534","167477","Australia - Australian Securities and Investments Commission"
"961534","167478","Thailand - Securities and Exchange Commission"
"961534","167479","India - Securities and Exchange Board of India"
"961534","167479","South Africa - Financial Services Board"
"961534","167479","South Korea - Financial Supervisory Commission / Financial Supervisory Service"
"961534","167479","United Kingdom - Financial Conduct Authority"
"961534","167480","Brazil - Securities and Exchange Commission"
"961534","167482","Canada - Ontario Securities Commission"
"961534","167489","United Kingdom - Financial Conduct Authority"
"961534","167486","Norway - The Banking, Insurance and Securities Commission"
"961534","167603","Malaysia - Securities Commission"
"961534","167781","Other-INDONESIAN FINANCIAL SERVICES AUTHORITY"
"961534","167470","United Kingdom - Financial Conduct Authority"
"961534","167604","Hong Kong - Securities and Futures Commission"
"961534","167605","Japan - Financial Services Agency"
"961534","167606","China, People's Republic of - China Securities Regulatory Commission "
"961534","167609","France - Financial Markets Authority"
"961534","167708","Ireland -  Central Bank of Ireland"
"961534","167712","Luxembourg, Grand Duchy of - Commission to Surveillance of the Finance Sector"
"961534","167713","Luxembourg, Grand Duchy of - Commission to Surveillance of the Finance Sector"
"961534","167715","Luxembourg, Grand Duchy of - Commission to Surveillance of the Finance Sector"
"961534","167716","Luxembourg, Grand Duchy of - Commission to Surveillance of the Finance Sector"
"961534","167722","Luxembourg, Grand Duchy of - Commission to Surveillance of the Finance Sector"
"961534","167613","Hungary - Hungarian Financial Supervisory Authority"
"961534","167614","Jersey - Jersey Financial Services Commission"
"961534","167615","Jersey - Jersey Financial Services Commission"
"961534","167617","Switzerland - Swiss Financial Market Supervisory Authority"
"961534","167730","United Kingdom - Financial Conduct Authority"
"961534","167731","United Kingdom - Financial Conduct Authority"
"961534","167732","United Kingdom - Financial Conduct Authority"
"961534","167733","United Kingdom - Financial Conduct Authority"
"961534","167737","Guernsey - Guernsey Financial Services Commission"
"961534","167741","United Kingdom - Financial Conduct Authority"
"961534","167744","Guernsey - Guernsey Financial Services Commission"
"961534","167745","Jersey - Jersey Financial Services Commission"
"961534","167751","Luxembourg, Grand Duchy of - Commission to Surveillance of the Finance Sector"
"961534","167753","Luxembourg, Grand Duchy of - Commission to Surveillance of the Finance Sector"
"961534","167723","Luxembourg, Grand Duchy of - Commission to Surveillance of the Finance Sector"
"961534","199813","Luxembourg, Grand Duchy of - Commission to Surveillance of the Finance Sector"
"961534","199741","Hong Kong - Securities and Futures Commission"
"961534","167616","Sweden - Swedish Financial Supervisory Authority"
"961534","199812","Malaysia - Securities Commission"
"961534","167479","Ireland -  Central Bank of Ireland"
"961534","167604","Canada - Quebec, Financial Markets Authority"
"961534","167604","Canada - Ontario Securities Commission"
"961534","167723","Canada - Ontario Securities Commission"
"961534","167723","Canada - Quebec, Financial Markets Authority"
"961534","167476","United Kingdom - Prudential Regulation Authority"
"960453","197355","Cayman Islands - Cayman Islands Monetary Authority"
"960453","197356","Cayman Islands - Cayman Islands Monetary Authority"
"961596","133840","Dubai - Dubai Financial Services Authority"
"961596","134288","Singapore - Monetary Authority of Singapore"
"961596","151707","Mauritius, Republic of - Financial Services Commission"
"961596","151710","Other-VANUATU FINANCIAL SERVICES COMMISSION"
"961596","151668","Mauritius, Republic of - Financial Services Commission"
"961596","151667","Mauritius, Republic of - Financial Services Commission"
"961596","151674","Mauritius, Republic of - Financial Services Commission"
"961596","151675","Mauritius, Republic of - Financial Services Commission"
"961596","151676","Other-AUTORITI MONETARI BRUNEI DARUSSALAM, BRUNEI DARUSSALAM"
"961596","151679","Mauritius, Republic of - Financial Services Commission"
"961596","151680","Mauritius, Republic of - Financial Services Commission"
"961596","151683","Mauritius, Republic of - Financial Services Commission"
"961596","151685","Mauritius, Republic of - Financial Services Commission"
"961596","151686","Other-SECURITIES AND EXCHANGE COMMISSION OF GHANA"
"961596","151691","Other-CAPITAL MARKETS AUTHORITY OF KENYA"
"961596","151693","Mauritius, Republic of - Financial Services Commission"
"961596","151703","Mauritius, Republic of - Financial Services Commission"
"961596","151704","Mauritius, Republic of - Financial Services Commission"
"961596","151705","Mauritius, Republic of - Financial Services Commission"
"961596","151706","Mauritius, Republic of - Financial Services Commission"
"950174","198286","Guernsey - Guernsey Financial Services Commission"
"950174","198287","Guernsey - Guernsey Financial Services Commission"
"950174","198288","Guernsey - Guernsey Financial Services Commission"
"960226","150997","Other-CAYMAN ISLANDS MONETARY AUTHORITY"
"954317","117031","Singapore - Monetary Authority of Singapore"
"954317","153465","Switzerland - Swiss Financial Market Supervisory Authority"
"954317","153465","Other-SWISS FUND & ASSET MANAGEMENT ASSOCIATION"
"960718","140049","Luxembourg, Grand Duchy of - Commission to Surveillance of the Finance Sector"
"960718","140046","Ireland -  Central Bank of Ireland"
"960718","140050","Luxembourg, Grand Duchy of - Commission to Surveillance of the Finance Sector"
"960718","140051","Luxembourg, Grand Duchy of - Commission to Surveillance of the Finance Sector"
"960718","140052","Luxembourg, Grand Duchy of - Commission to Surveillance of the Finance Sector"
"960718","166275","Guernsey - Guernsey Financial Services Commission"
"960718","166278","United Kingdom - Financial Conduct Authority"
"960718","166279","Guernsey - Guernsey Financial Services Commission"
"960718","166280","Jersey - Jersey Financial Services Commission"
"960718","166283","Luxembourg, Grand Duchy of - Commission to Surveillance of the Finance Sector"
"960718","166284","Luxembourg, Grand Duchy of - Commission to Surveillance of the Finance Sector"
"960718","162369","United Kingdom - Financial Conduct Authority"
"960718","162366","United Kingdom - Financial Conduct Authority"
"960718","162367","United Kingdom - Financial Conduct Authority"
"960718","162368","United Kingdom - Financial Conduct Authority"
"960718","140053","Luxembourg, Grand Duchy of - Commission to Surveillance of the Finance Sector"
"960718","153371","United Kingdom - Financial Conduct Authority"
"960718","153372","United Kingdom - Financial Conduct Authority"
"960718","124458","Canada - Ontario Securities Commission"
"960718","124462","Cayman Islands - Cayman Islands Stock Exchange Authority"
"960718","124473","United Kingdom - Financial Conduct Authority"
"960718","150941","France - Financial Markets Authority"
"960718","150975","Jersey - Jersey Financial Services Commission"
"960718","124237","Australia - Australian Securities and Investments Commission"
"960718","124433","Sweden - Swedish Financial Supervisory Authority"
"960718","124451","Canada - Ontario Securities Commission"
"960718","124451","Singapore - Monetary Authority of Singapore"
"960718","124451","South Korea - Financial Supervisory Commission / Financial Supervisory Service"
"960718","124451","Ireland -  Central Bank of Ireland"
"960718","124451","India - Securities and Exchange Board of India"
"960718","124451","China, People's Republic of - China Securities Regulatory Commission "
"960718","150992","Luxembourg, Grand Duchy of - Commission to Surveillance of the Finance Sector"
"960718","124476","United Kingdom - Financial Conduct Authority"
"960718","124476","South Africa - Financial Services Board"
"960718","124476","South Korea - Financial Supervisory Commission / Financial Supervisory Service"
"960718","124476","Ireland -  Central Bank of Ireland"
"960718","124476","India - Securities and Exchange Board of India"
"960718","124497","Brazil - Securities and Exchange Commission"
"960718","124475","Thailand - Securities and Exchange Commission"
"960718","124502","Canada - Ontario Securities Commission"
"960718","124546","United Kingdom - Financial Conduct Authority"
"960718","140027","Canada - Ontario Securities Commission"
"960718","140027","Hong Kong - Securities and Futures Commission"
"960718","140031","Norway - The Banking, Insurance and Securities Commission"
"960718","124229","Canada - New Brunswick Securities Commission"
"960718","124229","Canada - Nova Scotia Securities Commission"
"960718","124229","Canada - Ontario Securities Commission"
"960718","124229","Ireland -  Central Bank of Ireland"
"960718","124229","India - Securities and Exchange Board of India"
"960718","140032","Malaysia - Securities Commission"
"960718","140033","Malaysia - Securities Commission"
"960718","140034","Japan - Financial Services Agency"
"960718","140036","Taiwan - Financial Supervisory Commission"
"960718","140037","France - Financial Markets Authority"
"960718","140039","Hungary - Hungarian Financial Supervisory Authority"
"960718","140040","Jersey - Jersey Financial Services Commission"
"960718","140041","Switzerland - Swiss Financial Market Supervisory Authority"
"960718","166290","Other-INDONESIAN FINANCIAL SERVICES AUTHORITY, INDONESIA"
"960718","199279","Hong Kong - Securities and Futures Commission"
"960718","150976","Sweden - Swedish Financial Supervisory Authority"
"960718","199711","Luxembourg, Grand Duchy of - Commission to Surveillance of the Finance Sector"
"961869","199525","Other-MALTA FINANCIAL SERVICES AUTHORITY"
"962592","191047","Japan - Financial Services Agency"
"959415","117991","United Kingdom - Financial Conduct Authority"
"959415","117992","United Kingdom - Financial Conduct Authority"
"959415","117615","Hong Kong - Securities and Futures Commission"
"959415","117994","United Kingdom - Financial Conduct Authority"
"959415","120917","Other-CAYMAN ISLANDS MONETARY AUTHORITY"
