"FilingID","ReferenceID","Name of Adviser","SEC File Number","CRD Number"
1041997,58145,"DUMAC INC.","",
1043884,52292,"GENERAL ATLANTIC LLC","",
1036221,172729,"INVESCO ADVISERS, INC.","801-33949",105360
1044085,39259,"WELLS FARGO BANK, NA","",
1044085,38346,"WELLS FARGO BANK, NA","",
1042970,168693,"SWISS CAPITAL INVEST HOLDING (DUBLIN) LIMITED","",
1041196,172095,"WELLINGTON TRUST COMPANY, NA","",
1041196,172102,"WELLINGTON TRUST COMPANY, NA","",
1041196,172105,"WELLINGTON TRUST COMPANY, NA","",
1042970,168694,"SWISS CAPITAL INVEST HOLDING (DUBLIN) LIMITED","",
1042970,168691,"SWISS CAPITAL ALTERNATIVE INVESTMENTS AG","",
1042970,168689,"SWISS CAPITAL ALTERNATIVE INVESTMENTS AG","",
1042970,168690,"SWISS CAPITAL ALTERNATIVE INVESTMENTS AG","",
1044126,166646,"GOLDMAN SACHS ASSET MANAGEMENT, L.P.","801-37591",107738
1044126,12732,"GOLDMAN SACHS ASSET MANAGEMENT, L.P.","801-37591",107738
1044126,12741,"GOLDMAN SACHS ASSET MANAGEMENT, L.P.","801-37591",107738
1044126,12696,"GOLDMAN SACHS ASSET MANAGEMENT, L.P.","801-37591",107738
1044126,12707,"GOLDMAN SACHS ASSET MANAGEMENT, L.P.","801-37591",107738
1044126,12710,"GOLDMAN SACHS ASSET MANAGEMENT, L.P.","801-37591",107738
1044126,12738,"GOLDMAN SACHS ASSET MANAGEMENT, L.P.","801-37591",107738
1044126,12739,"GOLDMAN SACHS ASSET MANAGEMENT, L.P.","801-37591",107738
1044126,12784,"GOLDMAN SACHS ASSET MANAGEMENT, L.P.","801-37591",107738
1044126,67023,"GOLDMAN SACHS (SINGPORE) PTE","",
1044126,166647,"GOLDMAN SACHS ASSET MANAGEMENT, L.P.","801-37591",107738
1044126,67024,"GOLDMAN SACHS ASSET MANAGEMENT, L.P.","801-37591",107738
1044126,173689,"GOLDMAN SACHS ASSET MANAGEMENT, L.P.","801-37591",107738
1044126,67025,"GOLDMAN SACHS ASSET MANAGEMENT, L.P.","801-37591",107738
1044126,67026,"GOLDMAN SACHS ASSET MANAGEMENT, L.P.","801-37591",107738
1045382,6168,"FEDERATED INTERNATIONAL MANAGEMENT LIMITED","802-75233",161726
1044964,63682,"GUARD CAPITAL MANAGEMENT","",
1045249,52640,"VENUS CAPITAL MANAGEMENT COMPANY","",
1045382,6167,"FEDERATED INTERNATIONAL MANAGEMENT LIMITED","802-75233",161726
1045382,6164,"FEDERATED INTERNATIONAL MANAGEMENT LIMITED","802-75233",161726
1044195,179900,"TRUE PARTNER ADVISOR LIMITED","",
1044195,179901,"TRUE PARTNER ADVISOR LIMITED","",
1045572,179900,"TRUE PARTNER ADVISOR LIMITED","",
1045572,179901,"TRUE PARTNER ADVISOR LIMITED","",
1043968,53053,"TIEDEMANN WEALTH MANAGEMENT, LLC","801-69865",147189
1047888,4266,"HELLMAN & FRIEDMAN LP","",
1046160,36672,"MATRIX WEALTH ADVISORS, INC.","801-57345",109873
1046225,39259,"WELLS FARGO BANK, NA","",
1046225,38346,"WELLS FARGO BANK, NA","",
1047888,4261,"HELLMAN & FRIEDMAN LP","",
1047888,4265,"HELLMAN & FRIEDMAN LP","",
1047888,4264,"HELLMAN & FRIEDMAN LP","",
1047888,4263,"HELLMAN & FRIEDMAN LP","",
1047888,9247,"HELLMAN & FRIEDMAN LP","",
1047888,4284,"HELLMAN & FRIEDMAN LP","",
1047888,4285,"HELLMAN & FRIEDMAN LP","",
1047888,4287,"HELLMAN & FRIEDMAN LP","",
1047888,4286,"HELLMAN & FRIEDMAN LP","",
1047888,58652,"HELLMAN & FRIEDMAN LP","",
1047888,58654,"HELLMAN & FRIEDMAN LP","",
1047888,68554,"HELLMAN & FRIEDMAN LP","",
1047914,53234,"SILVER LAKE MANAGEMENT COMPANY IV, L.L.C.","",
1047914,53239,"SILVER LAKE MANAGEMENT COMPANY IV, L.L.C.","",
1047914,11379,"SILVER LAKE MANAGEMENT COMPANY III, L.L.C.","",160445
1047914,11411,"SILVER LAKE KRAFTWERK MANAGEMENT COMPANY, L.L.C.","",
1047914,11358,"SILVER LAKE MANAGEMENT COMPANY II, L.L.C","",
1047914,11388,"SILVER LAKE MANAGEMENT COMPANY SUMERU, L.L.C.","",
1047914,11371,"SILVER LAKE MANAGEMENT COMPANY II, L.L.C","",
1047914,11385,"SILVER LAKE MANAGEMENT COMPANY III, L.L.C.","",
1047914,11418,"SILVER LAKE KRAFTWERK MANAGEMENT COMPANY, L.L.C.","",
1044052,19434,"CSAT CAPITAL MANAGEMENT (CAYMAN) LIMITED (RELYING ADVISER)","",
1044052,19438,"CSAT CAPITAL MANAGEMENT (CAYMAN) LIMITED (RELYING ADVISER)","",
1041140,172111,"WELLINGTON TRUST COMPANY, NA","",
1041140,172115,"WELLINGTON TRUST COMPANY, NA","",
1041185,179632,"WELLINGTON TRUST COMPANY, NA","",
1041185,172071,"WELLINGTON TRUST COMPANY, NA","",
1041185,172073,"WELLINGTON TRUST COMPANY, NA","",
1041147,172030,"WELLINGTON TRUST COMPANY, NA","",
1041147,172027,"WELLINGTON TRUST COMPANY, NA","",
1041147,172029,"WELLINGTON TRUST COMPANY, NA","",
1041147,172062,"WELLINGTON TRUST COMPANY, NA","",
1041147,172065,"WELLINGTON TRUST COMPANY, NA","",
1041147,172022,"WELLINGTON TRUST COMPANY, NA","",
1041147,172064,"WELLINGTON TRUST COMPANY, NA","",
1044171,38494,"RPM RISK & PORTFOLIO MANAGEMENT AB","",
1044137,176316,"GOLDMAN SACHS ASSET MANAGEMENT INTERNATIONAL","801-38157",107715
1044137,41925,"METROPOLITAN LIFE INSURANCE COMPANY","",
1044137,77464,"CONNECTICUT GENERAL LIFE INSURANCE COMPANY","",
1044137,77465,"CONNECTICUT GENERAL LIFE INSURANCE COMPANY","",
1044137,11655,"GOLDMAN SACHS ASSET MANAGEMENT INTERNATIONAL","801-38157",107715
1044137,12008,"GOLDMAN SACHS ASSET MANAGEMENT INTERNATIONAL","801-38157",107715
1044137,77447,"CONNECTICUT GENERAL LIFE INSURANCE COMPANY","",
1044137,12012,"GOLDMAN SACHS ASSET MANAGEMENT INTERNATIONAL","801-38157",107715
1044137,11703,"GOLDMAN SACHS ASSET MANAGEMENT INTERNATIONAL","801-38157",107715
1044137,174152,"NUVEST CAPITAL PTD LTD","",
1044137,176307,"GOLDMAN SACHS ASSET MANAGEMENT INTERNATIONAL","801-38157",107715
1044137,176312,"GOLDMAN SACHS ASSET MANAGEMENT INTERNATIONAL","801-38157",107715
1044137,179103,"BROWN BROTHERS HARRIMAN TRUST COMPANY, N.A.","",
1044122,12312,"GOLDMAN SACHS ASSET MANAGEMENT CO., LTD","",
1044122,12308,"GOLDMAN SACHS ASSET MANAGEMENT INTERNATIONAL","801-38157",107715
1044122,12308,"GOLDMAN SACHS (ASIA) LLC","",
1044122,12321,"GOLDMAN SACHS ASSET MANAGEMENT CO., LTD","",
1044122,12322,"GOLDMAN SACHS ASSET MANAGEMENT INTERNATIONAL","801-38157",107715
1044132,12402,"GOLDMAN SACHS ASSET MANAGEMENT INTERNATIONAL","801-38157",107715
1044132,12407,"GOLDMAN SACHS ASSET MANAGEMENT INTERNATIONAL","801-38157",107715
1044132,12430,"GOLDMAN SACHS ASSET MANAGEMENT INTERNATIONAL","801-38157",107715
1044132,12431,"GOLDMAN SACHS ASSET MANAGEMENT INTERNATIONAL","801-38157",107715
1044132,12434,"GOLDMAN SACHS ASSET MANAGEMENT INTERNATIONAL","801-38157",107715
1044132,12453,"GOLDMAN SACHS ASSET MANAGEMENT INTERNATIONAL","801-38157",107715
1044132,12464,"GOLDMAN SACHS ASSET MANAGEMENT INTERNATIONAL","801-38157",107715
1044132,12469,"GOLDMAN SACHS ASSET MANAGEMENT INTERNATIONAL","801-38157",107715
1044132,12489,"GOLDMAN SACHS ASSET MANAGEMENT INTERNATIONAL","801-38157",107715
1044132,12542,"GOLDMAN SACHS ASSET MANAGEMENT INTERNATIONAL","801-38157",107715
1044132,12581,"GOLDMAN SACHS ASSET MANAGEMENT INTERNATIONAL","801-38157",107715
1044467,120726,"WESTERN ASSET MANAGEMENT COMPANY","801-8162",110441
1043475,52292,"GENERAL ATLANTIC LLC","",
1044452,38494,"RPM RISK & PORTFOLIO MANAGEMENT AB","",
1044467,120727,"WESTERN ASSET MANAGEMENT COMPANY","801-8162",110441
1044467,65161,"WESTERN ASSET MANAGEMENT COMPANY","801-8162",110441
1044467,55963,"WESTERN ASSET MANAGEMENT COMPANY","801-8162",110441
1044467,161159,"WESTERN ASSET MANAGEMENT COMPANY","801-8162",110441
1044467,57612,"WESTERN ASSET MANAGEMENT COMPANY","801-8162",110441
1044467,55964,"WESTERN ASSET MANAGEMENT COMPANY","801-8162",110441
1044467,39878,"WESTERN ASSET MANAGEMENT COMPANY","801-8162",110441
1044467,39893,"WESTERN ASSET MANAGEMENT COMPANY","801-8162",110441
1044467,39907,"WESTERN ASSET MANAGEMENT COMPANY","801-8162",110441
1044467,38425,"WESTERN ASSET MANAGEMENT COMPANY","801-8162",110441
1044467,40029,"WESTERN ASSET MANAGEMENT COMPANY","801-8162",110441
1044467,40248,"WESTERN ASSET MANAGEMENT COMPANY","801-8162",110441
1044467,39876,"WESTERN ASSET MANAGEMENT COMPANY","801-8162",110441
1044467,44850,"WESTERN ASSET MANAGEMENT COMPANY","801-8162",110441
1044467,40026,"WESTERN ASSET MANAGEMENT COMPANY","801-8162",110441
1044467,39938,"WESTERN ASSET MANAGEMENT COMPANY","801-8162",110441
1044467,39946,"WESTERN ASSET MANAGEMENT COMPANY","801-8162",110441
1044467,40257,"WESTERN ASSET MANAGEMENT COMPANY","801-8162",110441
1044467,39870,"WESTERN ASSET MANAGEMENT COMPANY","801-8162",110441
1044467,39926,"WESTERN ASSET MANAGEMENT COMPANY","801-8162",110441
1044467,39943,"WESTERN ASSET MANAGEMENT COMPANY","801-8162",110441
1044467,39948,"WESTERN ASSET MANAGEMENT COMPANY","801-8162",110441
1044467,39949,"WESTERN ASSET MANAGEMENT COMPANY","801-8162",110441
1044467,40008,"WESTERN ASSET MANAGEMENT COMPANY","801-8162",110441
1044467,40013,"WESTERN ASSET MANAGEMENT COMPANY","801-8162",110441
1044467,40019,"WESTERN ASSET MANAGEMENT COMPANY","801-8162",110441
1044467,40233,"WESTERN ASSET MANAGEMENT COMPANY","801-8162",110441
1044467,44770,"WESTERN ASSET MANAGEMENT COMPANY","801-8162",110441
1044467,45696,"WESTERN ASSET MANAGEMENT COMPANY","801-8162",110441
1044467,45697,"WESTERN ASSET MANAGEMENT COMPANY","801-8162",110441
1044467,45700,"WESTERN ASSET MANAGEMENT COMPANY","801-8162",110441
1044467,45703,"WESTERN ASSET MANAGEMENT COMPANY","801-8162",110441
1044467,45702,"WESTERN ASSET MANAGEMENT COMPANY","801-8162",110441
1044467,53886,"WESTERN ASSET MANAGEMENT COMPANY","801-8162",110441
1044467,45704,"WESTERN ASSET MANAGEMENT COMPANY","801-8162",110441
1044467,46589,"WESTERN ASSET MANAGEMENT COMPANY","801-8162",110441
1044467,46594,"WESTERN ASSET MANAGEMENT COMPANY","801-8162",110441
1044467,45701,"WESTERN ASSET MANAGEMENT COMPANY","801-8162",110441
1044467,39913,"WESTERN ASSET MANAGEMENT COMPANY","801-8162",110441
1044467,120728,"WESTERN ASSET MANAGEMENT COMPANY","801-8162",110441
1044467,162284,"WESTERN ASSET MANAGEMENT COMPANY","801-8162",110441
1044467,167791,"WESTERN ASSET MANAGEMENT COMPANY","801-8162",110441
1044467,178734,"WESTERN ASSET MANAGEMENT COMPANY","801-8162",110441
1044467,179918,"WESTERN ASSET MANAGEMENT COMPANY","801-8162",110441
1044224,45205,"DBRE GLOBAL REAL ESTATE MANAGEMENT 1B, LTD","",
1047888,68555,"HELLMAN & FRIEDMAN LP","",
1047888,68556,"HELLMAN & FRIEDMAN LP","",
1047888,68557,"HELLMAN & FRIEDMAN LP","",
1047888,68558,"HELLMAN & FRIEDMAN LP","",
1047888,4248,"HELLMAN & FRIEDMAN LP","",
1047888,4249,"HELLMAN & FRIEDMAN LP","",
1044213,57309,"TRG VENTURE CAPITAL INTERNATIONAL PARTNERSHIP G.P. LIMITED","",
1044213,59712,"TRG VENTURE CAPITAL INTERNATIONAL INVESTMENT G.P. LIMITED","",
1044213,57313,"TRG VENTURE CAPITAL INTERNATIONAL PARTNERSHIP G.P. LIMITED","",
1044213,59706,"TRG VENTURE CAPITAL INTERNATIONAL PARTNERSHIP G.P. LIMITED","",
1053268,170774,"GC INVESTMENT MANAGEMENT LLC, RELYING ADVISER","",
1046966,46240,"INVESCO ASSET MANAGEMENT LTD.","801-50197",109985
1047144,52292,"GENERAL ATLANTIC LLC","",
1053268,170773,"GC INVESTMENT MANAGEMENT LLC, RELYING ADVISER","",
1053268,170778,"GC INVESTMENT MANAGEMENT LLC, RELYING ADVISER","",
1053268,170772,"GC INVESTMENT MANAGEMENT LLC, RELYING ADVISER","",
1053268,49138,"GC INVESTMENT MANAGEMENT LLC, RELYING ADVISER","",
1053268,49140,"GC INVESTMENT MANAGEMENT LLC, RELYING ADVISER","",
1053268,49141,"GC INVESTMENT MANAGEMENT LLC, RELYING ADVISER","",
1053268,65547,"GC INVESTMENT MANAGEMENT LLC, RELYING ADVISER","",
1053268,46157,"GC INVESTMENT MANAGEMENT LLC, RELYING ADVISER","",
1053268,46158,"GC INVESTMENT MANAGEMENT LLC, RELYING ADVISER","",
1053268,46159,"GC INVESTMENT MANAGEMENT LLC, RELYING ADVISER","",
1053268,46162,"GC INVESTMENT MANAGEMENT LLC, RELYING ADVISER","",
1053268,49142,"GC INVESTMENT MANAGEMENT LLC, RELYING ADVISER","",
1053268,46163,"GC INVESTMENT MANAGEMENT LLC, RELYING ADVISER","",
1053268,56486,"GC INVESTMENT MANAGEMENT LLC, RELYING ADVISER","",
1053268,64365,"GC INVESTMENT MANAGEMENT LLC, RELYING ADVISER","",
1053268,70228,"GC INVESTMENT MANAGEMENT LLC, RELYING ADVISER","",
1053268,70229,"GC INVESTMENT MANAGEMENT LLC, RELYING ADVISER","",
1053268,166868,"GC INVESTMENT MANAGER LLC, RELYING ADVISER","",
1053268,166865,"GC INVESTMENT MANAGEMENT LLC, RELYING ADVISER","",
1053268,166866,"GC INVESTMENT MANAGEMENT LLC, RELYING ADVISER","",
1053268,64379,"GC INVESTMENT MANAGEMENT LLC, RELYING ADVISER","",
1053268,58786,"GC INVESTMENT MANAGEMENT LLC, RELYING ADVISER","",
1053268,54642,"GC INVESTMENT MANAGEMENT LLC, RELYING ADVISER","",
1053268,168250,"GC INVESTMENT MANAGEMENT LLC, RELYING ADVISER","",
1053268,179090,"GC INVESTMENT MANAGEMENT LLC, RELYING ADVISER","",
1055838,39540,"SILVER CREEK ADVISORY PARTNERS LLC","801-72925",156667
1054274,180851,"EVO CAPITAL MANAGEMENT ASIA LIMITED","",
1054274,180851,"EVOLUTION JAPAN ASSET MANAGEMENT CO., LTD","",
1054274,180851,"EVO INVESTMENT ADVISORS LTD.","",
1056212,167172,"AQUAMARINE CAPITAL MANAGEMENT LTD.","",
1056212,118231,"AQUAMARINE CAPITAL MANAGEMENT LTD.","",
1054694,28321,"HIGHLAND GOOD STEWARD MANAGEMENT, LLC","801-65217",138823
1048005,10876,"FIRST INTERNATIONAL ADVISORS, LLC","801-42427",109192
1048005,170751,"THE PRUDENTIAL INSURANCE COMPANY OF AMERICA","801-12484",680
1048005,170746,"THE PRUDENTIAL INSURANCE COMPANY OF AMERICA","801-12484",680
1048130,45205,"DBRE GLOBAL REAL ESTATE MANAGEMENT 1B, LTD","",
1044536,180025,"JENNISON ASSOCIATES LLC","801-5608",107959
1048156,177520,"SAROFIM TRUST CO","801-13773",106590
1048156,177516,"SAROFIM TRUST CO","801-13773",106590
1048156,177519,"SAROFIM TRUST CO","801-13773",106590
1050090,176316,"GOLDMAN SACHS ASSET MANAGEMENT INTERNATIONAL","801-38157",107715
1031422,178786,"SOUTHERN OAK CAPITAL MANAGEMENT COMPANY LIMITED","",
1049910,167596,"ALPHA INVESTMENT MANAGEMENT LTD. - INVESTMENT MANAGER","",
1050169,176886,"AXONIC CAPITAL LLC","801-73132",159518
1050192,58375,"TETON STRATEGIC INVESTMENTS, INC.","",
1050090,180476,"GOLDMAN SACHS ASSET MANAGEMENT INTERNATIONAL","801-38157",107715
1050707,174223,"MSD PARTNERS MAURITIUS, LTD.","",
1050090,41925,"METROPOLITAN LIFE INSURANCE COMPANY","",
1050090,77464,"CONNECTICUT GENERAL LIFE INSURANCE COMPANY","",
1050090,77465,"CONNECTICUT GENERAL LIFE INSURANCE COMPANY","",
1050090,11655,"GOLDMAN SACHS ASSET MANAGEMENT INTERNATIONAL","801-38157",107715
1050090,12008,"GOLDMAN SACHS ASSET MANAGEMENT INTERNATIONAL","801-38157",107715
1050090,77447,"CONNECTICUT GENERAL LIFE INSURANCE COMPANY","",
1050090,12012,"GOLDMAN SACHS ASSET MANAGEMENT INTERNATIONAL","801-38157",107715
1050090,11703,"GOLDMAN SACHS ASSET MANAGEMENT INTERNATIONAL","801-38157",107715
1050090,174152,"NUVEST CAPITAL PTD LTD","",
1050090,176307,"GOLDMAN SACHS ASSET MANAGEMENT INTERNATIONAL","801-38157",107715
1050090,176312,"GOLDMAN SACHS ASSET MANAGEMENT INTERNATIONAL","801-38157",107715
1050090,179103,"BROWN BROTHERS HARRIMAN TRUST COMPANY, N.A.","",
1047648,47514,"DONALD SMITH, L.P.","",285701
1047648,47512,"DONALD SMITH, L.P.","",285701
1047648,47509,"DONALD SMITH, L.P.","",285701
1052632,20151,"HERMES ALTERNATIVE INVESTMENT MANAGEMENT LIMITED","802-78642",168684
1051955,178786,"SOUTHERN OAK CAPITAL MANAGEMENT COMPANY LIMITED","",
1051998,28321,"HIGHLAND GOOD STEWARD MANAGEMENT, LLC","801-65217",138823
1052004,178786,"SOUTHERN OAK CAPITAL MANAGEMENT COMPANY LIMITED","",
1052058,58375,"TETON STRATEGIC INVESTMENTS, INC.","",
1052577,29640,"3X5 SPECIAL OPPORTUNITY PARTNERS, LLC","",
1055920,7432,"CRESTLINE MANAGEMENT, L.P.","801-61607",122711
1055920,7470,"CRESTLINE MANAGEMENT, L.P.","801-61607",122711
1055920,7461,"CRESTLINE MANAGEMENT, L.P.","801-61607",122711
1055004,52292,"GENERAL ATLANTIC LLC","",
1056864,12814,"WESTERN ASSET MANAGEMENT COMPANY","801-8162",110441
1056864,12817,"PACIFIC INVESTMENT MANAGEMENT COMPANY LLC","801-48187",104559
1056864,12816,"GOLDMAN SACHS ASSET MANAGEMENT, L.P.","801-37591",107738
1049584,32416,"ABERDEEN ASSET MANAGEMENT ASIA LIMITED","801-62020",124509
1047914,11394,"SILVER LAKE MANAGEMENT COMPANY SUMERU, L.L.C.","",
1047914,11422,"SILVER LAKE WATERMAN MANAGEMENT COMPANY, L.L.C.","",
1047914,173915,"SILVER LAKE WATERMAN MANAGEMENT COMPANY, L.L.C.","",
1046640,2788,"PHARO GLOBAL ADVISORS LIMITED","",
1048929,6393,"DARBY EUROPE MEZZANINE MANAGEMENT","",
1048929,6390,"DARBY CONVERGING EUROPE FUND III MANAGEMENT","",
1058761,180040,"INVESCO ADVISERS, INC.","801-33949",105360
1058761,172729,"INVESCO ADVISERS, INC.","801-33949",105360
1046640,3480,"PHARO GLOBAL ADVISORS LIMITED","",
1046640,48217,"PHARO GLOBAL ADVISORS LIMITED","",
1046640,3513,"PHARO GLOBAL ADVISORS LIMITED","",
1049211,176509,"FRM INVESTMENT MANAGEMENT (USA) LLC","801-72402",157592
1048567,167596,"ALPHA INVESTMENT MANAGEMENT LTD. - INVESTMENT MANAGER","",
1049832,180426,"CONSOLIDATED PORTFOLIO REVIEW CORP","801-38795",112694
1051211,13563,"KNOX CAPITAL ADVISORS, LLC","801-67313",131000
1051211,13547,"KNOX CAPITAL ADVISORS, LLC","801-67313",131000
1052199,29640,"3X5 SPECIAL OPPORTUNITY PARTNERS, LLC","",
1053023,77270,"WEBSTER CAPITAL III GP, LLC","",
1053283,120726,"WESTERN ASSET MANAGEMENT COMPANY","801-8162",110441
1053283,120727,"WESTERN ASSET MANAGEMENT COMPANY","801-8162",110441
1053283,65161,"WESTERN ASSET MANAGEMENT COMPANY","801-8162",110441
1053283,55963,"WESTERN ASSET MANAGEMENT COMPANY","801-8162",110441
1053283,161159,"WESTERN ASSET MANAGEMENT COMPANY","801-8162",110441
1053283,57612,"WESTERN ASSET MANAGEMENT COMPANY","801-8162",110441
1053283,55964,"WESTERN ASSET MANAGEMENT COMPANY","801-8162",110441
1053283,39878,"WESTERN ASSET MANAGEMENT COMPANY","801-8162",110441
1053283,39893,"WESTERN ASSET MANAGEMENT COMPANY","801-8162",110441
1053283,39907,"WESTERN ASSET MANAGEMENT COMPANY","801-8162",110441
1053283,38425,"WESTERN ASSET MANAGEMENT COMPANY","801-8162",110441
1053283,40029,"WESTERN ASSET MANAGEMENT COMPANY","801-8162",110441
1053283,40248,"WESTERN ASSET MANAGEMENT COMPANY","801-8162",110441
1053283,39876,"WESTERN ASSET MANAGEMENT COMPANY","801-8162",110441
1053283,44850,"WESTERN ASSET MANAGEMENT COMPANY","801-8162",110441
1053283,40026,"WESTERN ASSET MANAGEMENT COMPANY","801-8162",110441
1053283,39938,"WESTERN ASSET MANAGEMENT COMPANY","801-8162",110441
1053283,39946,"WESTERN ASSET MANAGEMENT COMPANY","801-8162",110441
1053283,40257,"WESTERN ASSET MANAGEMENT COMPANY","801-8162",110441
1053283,39870,"WESTERN ASSET MANAGEMENT COMPANY","801-8162",110441
1053283,39926,"WESTERN ASSET MANAGEMENT COMPANY","801-8162",110441
1053283,39943,"WESTERN ASSET MANAGEMENT COMPANY","801-8162",110441
1053283,39948,"WESTERN ASSET MANAGEMENT COMPANY","801-8162",110441
1053283,39949,"WESTERN ASSET MANAGEMENT COMPANY","801-8162",110441
1053283,40008,"WESTERN ASSET MANAGEMENT COMPANY","801-8162",110441
1053283,40013,"WESTERN ASSET MANAGEMENT COMPANY","801-8162",110441
1053283,40019,"WESTERN ASSET MANAGEMENT COMPANY","801-8162",110441
1053283,40233,"WESTERN ASSET MANAGEMENT COMPANY","801-8162",110441
1053283,44770,"WESTERN ASSET MANAGEMENT COMPANY","801-8162",110441
1053283,45696,"WESTERN ASSET MANAGEMENT COMPANY","801-8162",110441
1053283,45697,"WESTERN ASSET MANAGEMENT COMPANY","801-8162",110441
1053283,45700,"WESTERN ASSET MANAGEMENT COMPANY","801-8162",110441
1053283,45703,"WESTERN ASSET MANAGEMENT COMPANY","801-8162",110441
1053283,45702,"WESTERN ASSET MANAGEMENT COMPANY","801-8162",110441
1053283,53886,"WESTERN ASSET MANAGEMENT COMPANY","801-8162",110441
1053283,45704,"WESTERN ASSET MANAGEMENT COMPANY","801-8162",110441
1053283,46589,"WESTERN ASSET MANAGEMENT COMPANY","801-8162",110441
1053283,46594,"WESTERN ASSET MANAGEMENT COMPANY","801-8162",110441
1053283,45701,"WESTERN ASSET MANAGEMENT COMPANY","801-8162",110441
1053283,39913,"WESTERN ASSET MANAGEMENT COMPANY","801-8162",110441
1053283,120728,"WESTERN ASSET MANAGEMENT COMPANY","801-8162",110441
1053283,162284,"WESTERN ASSET MANAGEMENT COMPANY","801-8162",110441
1053283,167791,"WESTERN ASSET MANAGEMENT COMPANY","801-8162",110441
1053283,178734,"WESTERN ASSET MANAGEMENT COMPANY","801-8162",110441
1053283,179918,"WESTERN ASSET MANAGEMENT COMPANY","801-8162",110441
1055958,29667,"ROUND TABLE WEALTH MANAGEMENT","801-60139",111304
1055958,49727,"ROUND TABLE WEALTH MANAGEMENT","801-60139",111304
1055958,29642,"ROUND TABLE WEALTH MANAGEMENT","801-60139",111304
1055958,29767,"ROUND TABLE WEALTH MANAGEMENT","801-60139",111304
1055958,29647,"ROUND TABLE WEALTH MANAGEMENT","801-60139",111304
1056214,120322,"HSBC GLOBAL ASSET MANAGEMENT (CANADA) LIMITED","802-75724",161641
1052774,180705,"PACIFIC ALTERNATIVE ASSET MANAGEMENT CO LLC","801-57416",108989
1055724,26909,"EIG FUNDS MANAGEMENT, LLC","",
1055724,26906,"EIG FUNDS MANAGEMENT, LLC","",
1055724,26912,"EIG FUNDS MANAGEMENT, LLC","",
1055724,26921,"EIG FUNDS MANAGEMENT, LLC","",
1055724,26923,"EIG FUNDS MANAGEMENT, LLC","",
1055724,26927,"EIG FUNDS MANAGEMENT, LLC","",
1055724,26931,"EIG FUNDS MANAGEMENT, LLC","",
1055724,26914,"EIG FUNDS MANAGEMENT, LLC","",
1056038,178822,"GLUSKIN SHEFF + ASSOCIATES INC","801-68290",144928
1056038,178810,"GLUSKIN SHEFF + ASSOCIATES INC","801-68290",144928
1054066,45205,"DBRE GLOBAL REAL ESTATE MANAGEMENT 1B, LTD","",
1044101,180040,"INVESCO ADVISERS, INC.","801-33949",105360
1044101,172729,"INVESCO ADVISERS, INC.","801-33949",105360
1049325,67416,"CALEDONIA (PRIVATE) INVESTMENTS US LLC","",
1049325,167080,"CALEDONIA (PRIVATE) INVESTMENTS US LLC","",
1049325,167227,"CALEDONIA (PRIVATE) INVESTMENTS US LLC","",
1049098,166314,"SALI FUND SERVICES","801-61702",124235
1049084,167172,"AQUAMARINE CAPITAL MANAGEMENT LTD.","",
1049084,118231,"AQUAMARINE CAPITAL MANAGEMENT LTD.","",
1051405,13717,"FRIEDBERGMILSTEIN LLC","",
1051405,13714,"FRIEDBERGMILSTEIN LLC","",
1054501,178786,"SOUTHERN OAK CAPITAL MANAGEMENT COMPANY LIMITED","",
1054222,167596,"ALPHA INVESTMENT MANAGEMENT LTD. - INVESTMENT MANAGER","",
1058680,13717,"FRIEDBERGMILSTEIN LLC","",
1058680,13714,"FRIEDBERGMILSTEIN LLC","",
1035661,41222,"PGIM, INC.","801-22808",105676
